,location,iso_code,date,total_cases_per_million,new_cases_per_million,total_deaths_per_million,new_deaths_per_million,icu_patients_per_million,weekly_icu_admissions_per_million,people_vaccinated_per_hundred,people_fully_vaccinated_per_hundred,total_boosters,stringency_index,population,median_age,gdp_per_capita,hospital_beds_per_thousand,human_development_index
10052,Bangladesh,BGD,2020-03-03,,,,,,,,,,13.89,166303494.0,27.5,3523.9840000000004,0.8,0.632
10053,Bangladesh,BGD,2020-03-04,,,,,,,,,,13.89,166303494.0,27.5,3523.9840000000004,0.8,0.632
10054,Bangladesh,BGD,2020-03-05,,,,,,,,,,13.89,166303494.0,27.5,3523.9840000000004,0.8,0.632
10055,Bangladesh,BGD,2020-03-06,,,,,,,,,,13.89,166303494.0,27.5,3523.9840000000004,0.8,0.632
10056,Bangladesh,BGD,2020-03-07,,,,,,,,,,13.89,166303494.0,27.5,3523.9840000000004,0.8,0.632
10057,Bangladesh,BGD,2020-03-08,0.018000000000000002,0.018000000000000002,,,,,,,,13.89,166303494.0,27.5,3523.9840000000004,0.8,0.632
10058,Bangladesh,BGD,2020-03-09,0.018000000000000002,0.0,,,,,,,,13.89,166303494.0,27.5,3523.9840000000004,0.8,0.632
10059,Bangladesh,BGD,2020-03-10,0.018000000000000002,0.0,,,,,,,,13.89,166303494.0,27.5,3523.9840000000004,0.8,0.632
10060,Bangladesh,BGD,2020-03-11,0.018000000000000002,0.0,,,,,,,,13.89,166303494.0,27.5,3523.9840000000004,0.8,0.632
10061,Bangladesh,BGD,2020-03-12,0.018000000000000002,0.0,,,,,,,,13.89,166303494.0,27.5,3523.9840000000004,0.8,0.632
10062,Bangladesh,BGD,2020-03-13,0.018000000000000002,0.0,,,,,,,,13.89,166303494.0,27.5,3523.9840000000004,0.8,0.632
10063,Bangladesh,BGD,2020-03-14,0.018000000000000002,0.0,,,,,,,,13.89,166303494.0,27.5,3523.9840000000004,0.8,0.632
10064,Bangladesh,BGD,2020-03-15,0.03,0.012,,,,,,,,13.89,166303494.0,27.5,3523.9840000000004,0.8,0.632
10065,Bangladesh,BGD,2020-03-16,0.048,0.018000000000000002,,,,,,,,33.33,166303494.0,27.5,3523.9840000000004,0.8,0.632
10066,Bangladesh,BGD,2020-03-17,0.06,0.012,,,,,,,,33.33,166303494.0,27.5,3523.9840000000004,0.8,0.632
10067,Bangladesh,BGD,2020-03-18,0.084,0.024,0.006,0.006,,,,,,33.33,166303494.0,27.5,3523.9840000000004,0.8,0.632
10068,Bangladesh,BGD,2020-03-19,0.102,0.018000000000000002,0.006,0.0,,,,,,75.93,166303494.0,27.5,3523.9840000000004,0.8,0.632
10069,Bangladesh,BGD,2020-03-20,0.12,0.018000000000000002,0.006,0.0,,,,,,75.93,166303494.0,27.5,3523.9840000000004,0.8,0.632
10070,Bangladesh,BGD,2020-03-21,0.15,0.03,0.012,0.006,,,,,,81.48,166303494.0,27.5,3523.9840000000004,0.8,0.632
10071,Bangladesh,BGD,2020-03-22,0.162,0.012,0.012,0.0,,,,,,81.48,166303494.0,27.5,3523.9840000000004,0.8,0.632
10072,Bangladesh,BGD,2020-03-23,0.198,0.036000000000000004,0.018000000000000002,0.006,,,,,,81.48,166303494.0,27.5,3523.9840000000004,0.8,0.632
10073,Bangladesh,BGD,2020-03-24,0.235,0.036000000000000004,0.024,0.006,,,,,,81.48,166303494.0,27.5,3523.9840000000004,0.8,0.632
10074,Bangladesh,BGD,2020-03-25,0.235,0.0,0.03,0.006,,,,,,82.41,166303494.0,27.5,3523.9840000000004,0.8,0.632
10075,Bangladesh,BGD,2020-03-26,0.265,0.03,0.03,0.0,,,,,,84.26,166303494.0,27.5,3523.9840000000004,0.8,0.632
10076,Bangladesh,BGD,2020-03-27,0.289,0.024,0.03,0.0,,,,,,84.26,166303494.0,27.5,3523.9840000000004,0.8,0.632
10077,Bangladesh,BGD,2020-03-28,0.289,0.0,0.03,0.0,,,,,,84.26,166303494.0,27.5,3523.9840000000004,0.8,0.632
10078,Bangladesh,BGD,2020-03-29,0.289,0.0,0.03,0.0,,,,,,84.26,166303494.0,27.5,3523.9840000000004,0.8,0.632
10079,Bangladesh,BGD,2020-03-30,0.295,0.006,0.03,0.0,,,,,,84.26,166303494.0,27.5,3523.9840000000004,0.8,0.632
10080,Bangladesh,BGD,2020-03-31,0.307,0.012,0.03,0.0,,,,,,87.04,166303494.0,27.5,3523.9840000000004,0.8,0.632
10081,Bangladesh,BGD,2020-04-01,0.325,0.018000000000000002,0.036000000000000004,0.006,,,,,,87.04,166303494.0,27.5,3523.9840000000004,0.8,0.632
10082,Bangladesh,BGD,2020-04-02,0.337,0.012,0.036000000000000004,0.0,,,,,,87.04,166303494.0,27.5,3523.9840000000004,0.8,0.632
10083,Bangladesh,BGD,2020-04-03,0.36700000000000005,0.03,0.036000000000000004,0.0,,,,,,87.04,166303494.0,27.5,3523.9840000000004,0.8,0.632
10084,Bangladesh,BGD,2020-04-04,0.42100000000000004,0.054000000000000006,0.048,0.012,,,,,,87.04,166303494.0,27.5,3523.9840000000004,0.8,0.632
10085,Bangladesh,BGD,2020-04-05,0.529,0.10800000000000001,0.054000000000000006,0.006,,,,,,87.04,166303494.0,27.5,3523.9840000000004,0.8,0.632
10086,Bangladesh,BGD,2020-04-06,0.74,0.21,0.07200000000000001,0.018000000000000002,,,,,,87.04,166303494.0,27.5,3523.9840000000004,0.8,0.632
10087,Bangladesh,BGD,2020-04-07,0.986,0.247,0.102,0.03,,,,,,87.04,166303494.0,27.5,3523.9840000000004,0.8,0.632
10088,Bangladesh,BGD,2020-04-08,1.311,0.325,0.12,0.018000000000000002,,,,,,87.04,166303494.0,27.5,3523.9840000000004,0.8,0.632
10089,Bangladesh,BGD,2020-04-09,1.984,0.6729999999999999,0.126,0.006,,,,,,87.04,166303494.0,27.5,3523.9840000000004,0.8,0.632
10090,Bangladesh,BGD,2020-04-10,2.55,0.565,0.162,0.036000000000000004,,,,,,90.74,166303494.0,27.5,3523.9840000000004,0.8,0.632
10091,Bangladesh,BGD,2020-04-11,2.898,0.349,0.18,0.018000000000000002,,,,,,93.52,166303494.0,27.5,3523.9840000000004,0.8,0.632
10092,Bangladesh,BGD,2020-04-12,3.734,0.836,0.204,0.024,,,,,,93.52,166303494.0,27.5,3523.9840000000004,0.8,0.632
10093,Bangladesh,BGD,2020-04-13,4.829,1.094,0.235,0.03,,,,,,93.52,166303494.0,27.5,3523.9840000000004,0.8,0.632
10094,Bangladesh,BGD,2020-04-14,6.085,1.2570000000000001,0.27699999999999997,0.042,,,,,,93.52,166303494.0,27.5,3523.9840000000004,0.8,0.632
10095,Bangladesh,BGD,2020-04-15,7.402,1.317,0.301,0.024,,,,,,93.52,166303494.0,27.5,3523.9840000000004,0.8,0.632
10096,Bangladesh,BGD,2020-04-16,9.453,2.05,0.361,0.06,,,,,,93.52,166303494.0,27.5,3523.9840000000004,0.8,0.632
10097,Bangladesh,BGD,2020-04-17,11.052,1.599,0.451,0.09,,,,,,93.52,166303494.0,27.5,3523.9840000000004,0.8,0.632
10098,Bangladesh,BGD,2020-04-18,12.892000000000001,1.84,0.505,0.054000000000000006,,,,,,93.52,166303494.0,27.5,3523.9840000000004,0.8,0.632
10099,Bangladesh,BGD,2020-04-19,14.767999999999999,1.876,0.547,0.042,,,,,,93.52,166303494.0,27.5,3523.9840000000004,0.8,0.632
10100,Bangladesh,BGD,2020-04-20,17.727,2.958,0.607,0.06,,,,,,93.52,166303494.0,27.5,3523.9840000000004,0.8,0.632
10101,Bangladesh,BGD,2020-04-21,20.336,2.61,0.6609999999999999,0.054000000000000006,,,,,,93.52,166303494.0,27.5,3523.9840000000004,0.8,0.632
10102,Bangladesh,BGD,2020-04-22,22.680999999999997,2.345,0.722,0.06,,,,,,93.52,166303494.0,27.5,3523.9840000000004,0.8,0.632
10103,Bangladesh,BGD,2020-04-23,25.171,2.489,0.764,0.042,,,,,,93.52,166303494.0,27.5,3523.9840000000004,0.8,0.632
10104,Bangladesh,BGD,2020-04-24,28.195,3.025,0.7879999999999999,0.024,,,,,,93.52,166303494.0,27.5,3523.9840000000004,0.8,0.632
10105,Bangladesh,BGD,2020-04-25,30.053,1.858,0.8420000000000001,0.054000000000000006,,,,,,93.52,166303494.0,27.5,3523.9840000000004,0.8,0.632
10106,Bangladesh,BGD,2020-04-26,32.567,2.513,0.872,0.03,,,,,,93.52,166303494.0,27.5,3523.9840000000004,0.8,0.632
10107,Bangladesh,BGD,2020-04-27,35.555,2.989,0.914,0.042,,,,,,93.52,166303494.0,27.5,3523.9840000000004,0.8,0.632
10108,Bangladesh,BGD,2020-04-28,38.857,3.301,0.932,0.018000000000000002,,,,,,93.52,166303494.0,27.5,3523.9840000000004,0.8,0.632
10109,Bangladesh,BGD,2020-04-29,42.711000000000006,3.8539999999999996,0.98,0.048,,,,,,93.52,166303494.0,27.5,3523.9840000000004,0.8,0.632
10110,Bangladesh,BGD,2020-04-30,46.102,3.391,1.01,0.03,,,,,,93.52,166303494.0,27.5,3523.9840000000004,0.8,0.632
10111,Bangladesh,BGD,2020-05-01,49.536,3.4330000000000003,1.022,0.012,,,,,,89.81,166303494.0,27.5,3523.9840000000004,0.8,0.632
10112,Bangladesh,BGD,2020-05-02,52.855,3.319,1.052,0.03,,,,,,89.81,166303494.0,27.5,3523.9840000000004,0.8,0.632
10113,Bangladesh,BGD,2020-05-03,56.854,3.9989999999999997,1.064,0.012,,,,,,89.81,166303494.0,27.5,3523.9840000000004,0.8,0.632
10114,Bangladesh,BGD,2020-05-04,60.99100000000001,4.137,1.094,0.03,,,,,,89.81,166303494.0,27.5,3523.9840000000004,0.8,0.632
10115,Bangladesh,BGD,2020-05-05,65.717,4.726,1.1,0.006,,,,,,89.81,166303494.0,27.5,3523.9840000000004,0.8,0.632
10116,Bangladesh,BGD,2020-05-06,70.468,4.75,1.1179999999999999,0.018000000000000002,,,,,,89.81,166303494.0,27.5,3523.9840000000004,0.8,0.632
10117,Bangladesh,BGD,2020-05-07,74.71300000000001,4.245,1.197,0.078,,,,,,89.81,166303494.0,27.5,3523.9840000000004,0.8,0.632
10118,Bangladesh,BGD,2020-05-08,78.976,4.263,1.239,0.042,,,,,,89.81,166303494.0,27.5,3523.9840000000004,0.8,0.632
10119,Bangladesh,BGD,2020-05-09,82.8,3.824,1.287,0.048,,,,,,89.81,166303494.0,27.5,3523.9840000000004,0.8,0.632
10120,Bangladesh,BGD,2020-05-10,88.134,5.334,1.371,0.084,,,,,,89.81,166303494.0,27.5,3523.9840000000004,0.8,0.632
10121,Bangladesh,BGD,2020-05-11,94.352,6.218,1.4369999999999998,0.066,,,,,,89.81,166303494.0,27.5,3523.9840000000004,0.8,0.632
10122,Bangladesh,BGD,2020-05-12,100.178,5.827000000000001,1.5030000000000001,0.066,,,,,,89.81,166303494.0,27.5,3523.9840000000004,0.8,0.632
10123,Bangladesh,BGD,2020-05-13,107.166,6.987,1.618,0.114,,,,,,89.81,166303494.0,27.5,3523.9840000000004,0.8,0.632
10124,Bangladesh,BGD,2020-05-14,113.425,6.26,1.702,0.084,,,,,,89.81,166303494.0,27.5,3523.9840000000004,0.8,0.632
10125,Bangladesh,BGD,2020-05-15,120.65299999999999,7.228,1.7919999999999998,0.09,,,,,,89.81,166303494.0,27.5,3523.9840000000004,0.8,0.632
10126,Bangladesh,BGD,2020-05-16,126.245,5.5920000000000005,1.8880000000000001,0.096,,,,,,89.81,166303494.0,27.5,3523.9840000000004,0.8,0.632
10127,Bangladesh,BGD,2020-05-17,133.9,7.655,1.972,0.084,,,,,,93.52,166303494.0,27.5,3523.9840000000004,0.8,0.632
10128,Bangladesh,BGD,2020-05-18,143.533,9.633,2.099,0.126,,,,,,93.52,166303494.0,27.5,3523.9840000000004,0.8,0.632
10129,Bangladesh,BGD,2020-05-19,151.055,7.522,2.225,0.126,,,,,,93.52,166303494.0,27.5,3523.9840000000004,0.8,0.632
10130,Bangladesh,BGD,2020-05-20,160.778,9.722999999999999,2.3209999999999997,0.096,,,,,,93.52,166303494.0,27.5,3523.9840000000004,0.8,0.632
10131,Bangladesh,BGD,2020-05-21,171.44,10.661,2.4530000000000003,0.132,,,,,,93.52,166303494.0,27.5,3523.9840000000004,0.8,0.632
10132,Bangladesh,BGD,2020-05-22,181.62599999999998,10.186,2.5980000000000003,0.14400000000000002,,,,,,93.52,166303494.0,27.5,3523.9840000000004,0.8,0.632
10133,Bangladesh,BGD,2020-05-23,192.888,11.263,2.718,0.12,,,,,,93.52,166303494.0,27.5,3523.9840000000004,0.8,0.632
10134,Bangladesh,BGD,2020-05-24,202.1,9.212,2.886,0.168,,,,,,93.52,166303494.0,27.5,3523.9840000000004,0.8,0.632
10135,Bangladesh,BGD,2020-05-25,213.976,11.876,3.013,0.126,,,,,,93.52,166303494.0,27.5,3523.9840000000004,0.8,0.632
10136,Bangladesh,BGD,2020-05-26,220.988,7.011,3.139,0.126,,,,,,93.52,166303494.0,27.5,3523.9840000000004,0.8,0.632
10137,Bangladesh,BGD,2020-05-27,230.25400000000002,9.266,3.2710000000000004,0.132,,,,,,93.52,166303494.0,27.5,3523.9840000000004,0.8,0.632
10138,Bangladesh,BGD,2020-05-28,242.454,12.200999999999999,3.361,0.09,,,,,,93.52,166303494.0,27.5,3523.9840000000004,0.8,0.632
10139,Bangladesh,BGD,2020-05-29,257.625,15.171,3.5,0.138,,,,,,93.52,166303494.0,27.5,3523.9840000000004,0.8,0.632
10140,Bangladesh,BGD,2020-05-30,268.232,10.607000000000001,3.668,0.168,,,,,,93.52,166303494.0,27.5,3523.9840000000004,0.8,0.632
10141,Bangladesh,BGD,2020-05-31,283.536,15.302999999999999,3.909,0.24100000000000002,,,,,,62.96,166303494.0,27.5,3523.9840000000004,0.8,0.632
10142,Bangladesh,BGD,2020-06-01,297.853,14.317,4.041,0.132,,,,,,62.96,166303494.0,27.5,3523.9840000000004,0.8,0.632
10143,Bangladesh,BGD,2020-06-02,315.357,17.504,4.263,0.222,,,,,,62.96,166303494.0,27.5,3523.9840000000004,0.8,0.632
10144,Bangladesh,BGD,2020-06-03,331.56199999999995,16.205,4.486000000000001,0.222,,,,,,62.96,166303494.0,27.5,3523.9840000000004,0.8,0.632
10145,Bangladesh,BGD,2020-06-04,346.13199999999995,14.57,4.696000000000001,0.21,,,,,,62.96,166303494.0,27.5,3523.9840000000004,0.8,0.632
10146,Bangladesh,BGD,2020-06-05,363.13699999999994,17.005,4.877,0.18,,,,,,62.96,166303494.0,27.5,3523.9840000000004,0.8,0.632
10147,Bangladesh,BGD,2020-06-06,378.98199999999997,15.845,5.087,0.21,,,,,,62.96,166303494.0,27.5,3523.9840000000004,0.8,0.632
10148,Bangladesh,BGD,2020-06-07,395.476,16.494,5.34,0.253,,,,,,62.96,166303494.0,27.5,3523.9840000000004,0.8,0.632
10149,Bangladesh,BGD,2020-06-08,411.92199999999997,16.445999999999998,5.5920000000000005,0.253,,,,,,62.96,166303494.0,27.5,3523.9840000000004,0.8,0.632
10150,Bangladesh,BGD,2020-06-09,430.98900000000003,19.067999999999998,5.8629999999999995,0.271,,,,,,62.96,166303494.0,27.5,3523.9840000000004,0.8,0.632
10151,Bangladesh,BGD,2020-06-10,450.171,19.182000000000002,6.085,0.222,,,,,,62.96,166303494.0,27.5,3523.9840000000004,0.8,0.632
10152,Bangladesh,BGD,2020-06-11,469.335,19.164,6.308,0.222,,,,,,62.96,166303494.0,27.5,3523.9840000000004,0.8,0.632
10153,Bangladesh,BGD,2020-06-12,490.20599999999996,20.871,6.584,0.27699999999999997,,,,,,62.96,166303494.0,27.5,3523.9840000000004,0.8,0.632
10154,Bangladesh,BGD,2020-06-13,507.38,17.173,6.849,0.265,,,,,,62.96,166303494.0,27.5,3523.9840000000004,0.8,0.632
10155,Bangladesh,BGD,2020-06-14,526.2669999999999,18.887,7.041,0.192,,,,,,62.96,166303494.0,27.5,3523.9840000000004,0.8,0.632
10156,Bangladesh,BGD,2020-06-15,544.901,18.635,7.27,0.228,,,,,,62.96,166303494.0,27.5,3523.9840000000004,0.8,0.632
10157,Bangladesh,BGD,2020-06-16,568.124,23.223000000000003,7.5889999999999995,0.319,,,,,,74.54,166303494.0,27.5,3523.9840000000004,0.8,0.632
10158,Bangladesh,BGD,2020-06-17,592.224,24.101,7.847,0.259,,,,,,74.54,166303494.0,27.5,3523.9840000000004,0.8,0.632
10159,Bangladesh,BGD,2020-06-18,615.092,22.868000000000002,8.076,0.228,,,,,,74.54,166303494.0,27.5,3523.9840000000004,0.8,0.632
10160,Bangladesh,BGD,2020-06-19,634.5930000000001,19.5,8.346,0.271,,,,,,74.54,166303494.0,27.5,3523.9840000000004,0.8,0.632
10161,Bangladesh,BGD,2020-06-20,654.075,19.482,8.568999999999999,0.222,,,,,,74.54,166303494.0,27.5,3523.9840000000004,0.8,0.632
10162,Bangladesh,BGD,2020-06-21,675.308,21.232,8.802999999999999,0.235,,,,,,74.54,166303494.0,27.5,3523.9840000000004,0.8,0.632
10163,Bangladesh,BGD,2020-06-22,696.2330000000001,20.926,9.032,0.228,,,,,,74.54,166303494.0,27.5,3523.9840000000004,0.8,0.632
10164,Bangladesh,BGD,2020-06-23,716.75,20.517,9.29,0.259,,,,,,74.54,166303494.0,27.5,3523.9840000000004,0.8,0.632
10165,Bangladesh,BGD,2020-06-24,737.567,20.816999999999997,9.513,0.222,,,,,,74.54,166303494.0,27.5,3523.9840000000004,0.8,0.632
10166,Bangladesh,BGD,2020-06-25,761.295,23.728,9.747,0.235,,,,,,74.54,166303494.0,27.5,3523.9840000000004,0.8,0.632
10167,Bangladesh,BGD,2020-06-26,784.554,23.259,9.988,0.24100000000000002,,,,,,74.54,166303494.0,27.5,3523.9840000000004,0.8,0.632
10168,Bangladesh,BGD,2020-06-27,805.623,21.07,10.192,0.204,,,,,,74.54,166303494.0,27.5,3523.9840000000004,0.8,0.632
10169,Bangladesh,BGD,2020-06-28,828.5269999999999,22.904,10.450999999999999,0.259,,,,,,74.54,166303494.0,27.5,3523.9840000000004,0.8,0.632
10170,Bangladesh,BGD,2020-06-29,852.664,24.136999999999997,10.720999999999998,0.271,,,,,,74.54,166303494.0,27.5,3523.9840000000004,0.8,0.632
10171,Bangladesh,BGD,2020-06-30,874.804,22.14,11.106,0.385,,,,,,74.54,166303494.0,27.5,3523.9840000000004,0.8,0.632
10172,Bangladesh,BGD,2020-07-01,897.5039999999999,22.699,11.353,0.247,,,,,,74.54,166303494.0,27.5,3523.9840000000004,0.8,0.632
10173,Bangladesh,BGD,2020-07-02,921.67,24.166999999999998,11.581,0.228,,,,,,74.54,166303494.0,27.5,3523.9840000000004,0.8,0.632
10174,Bangladesh,BGD,2020-07-03,940.395,18.725,11.834000000000001,0.253,,,,,,74.54,166303494.0,27.5,3523.9840000000004,0.8,0.632
10175,Bangladesh,BGD,2020-07-04,960.166,19.771,12.008,0.174,,,,,,74.54,166303494.0,27.5,3523.9840000000004,0.8,0.632
10176,Bangladesh,BGD,2020-07-05,976.63,16.464000000000002,12.339,0.331,,,,,,74.54,166303494.0,27.5,3523.9840000000004,0.8,0.632
10177,Bangladesh,BGD,2020-07-06,995.878,19.248,12.603,0.265,,,,,,74.54,166303494.0,27.5,3523.9840000000004,0.8,0.632
10178,Bangladesh,BGD,2020-07-07,1014.08,18.202,12.934000000000001,0.331,,,,,,74.54,166303494.0,27.5,3523.9840000000004,0.8,0.632
10179,Bangladesh,BGD,2020-07-08,1035.059,20.98,13.210999999999999,0.27699999999999997,,,,,,74.54,166303494.0,27.5,3523.9840000000004,0.8,0.632
10180,Bangladesh,BGD,2020-07-09,1055.263,20.204,13.457,0.247,,,,,,74.54,166303494.0,27.5,3523.9840000000004,0.8,0.632
10181,Bangladesh,BGD,2020-07-10,1072.996,17.733,13.68,0.222,,,,,,74.54,166303494.0,27.5,3523.9840000000004,0.8,0.632
10182,Bangladesh,BGD,2020-07-11,1089.147,16.151,13.86,0.18,,,,,,74.54,166303494.0,27.5,3523.9840000000004,0.8,0.632
10183,Bangladesh,BGD,2020-07-12,1105.178,16.031,14.142999999999999,0.28300000000000003,,,,,,74.54,166303494.0,27.5,3523.9840000000004,0.8,0.632
10184,Bangladesh,BGD,2020-07-13,1123.813,18.635,14.377,0.235,,,,,,74.54,166303494.0,27.5,3523.9840000000004,0.8,0.632
10185,Bangladesh,BGD,2020-07-14,1142.8319999999999,19.019000000000002,14.575999999999999,0.198,,,,,,74.54,166303494.0,27.5,3523.9840000000004,0.8,0.632
10186,Bangladesh,BGD,2020-07-15,1164.077,21.244,14.774000000000001,0.198,,,,,,74.54,166303494.0,27.5,3523.9840000000004,0.8,0.632
10187,Bangladesh,BGD,2020-07-16,1180.51,16.434,15.009,0.235,,,,,,80.09,166303494.0,27.5,3523.9840000000004,0.8,0.632
10188,Bangladesh,BGD,2020-07-17,1198.754,18.244,15.315,0.307,,,,,,80.09,166303494.0,27.5,3523.9840000000004,0.8,0.632
10189,Bangladesh,BGD,2020-07-18,1215.0439999999999,16.289,15.52,0.204,,,,,,80.09,166303494.0,27.5,3523.9840000000004,0.8,0.632
10190,Bangladesh,BGD,2020-07-19,1229.83,14.786,15.742,0.222,,,,,,80.09,166303494.0,27.5,3523.9840000000004,0.8,0.632
10191,Bangladesh,BGD,2020-07-20,1247.4360000000001,17.605999999999998,16.043,0.301,,,,,,80.09,166303494.0,27.5,3523.9840000000004,0.8,0.632
10192,Bangladesh,BGD,2020-07-21,1265.818,18.382,16.289,0.247,,,,,,80.09,166303494.0,27.5,3523.9840000000004,0.8,0.632
10193,Bangladesh,BGD,2020-07-22,1282.318,16.5,16.542,0.253,,,,,,80.09,166303494.0,27.5,3523.9840000000004,0.8,0.632
10194,Bangladesh,BGD,2020-07-23,1299.492,17.173,16.843,0.301,,,,,,80.09,166303494.0,27.5,3523.9840000000004,0.8,0.632
10195,Bangladesh,BGD,2020-07-24,1314.8129999999999,15.321,17.053,0.21,,,,,,80.09,166303494.0,27.5,3523.9840000000004,0.8,0.632
10196,Bangladesh,BGD,2020-07-25,1329.9660000000001,15.152999999999999,17.282,0.228,,,,,,80.09,166303494.0,27.5,3523.9840000000004,0.8,0.632
10197,Bangladesh,BGD,2020-07-26,1343.646,13.68,17.605999999999998,0.325,,,,,,80.09,166303494.0,27.5,3523.9840000000004,0.8,0.632
10198,Bangladesh,BGD,2020-07-27,1360.3139999999999,16.668,17.829,0.222,,,,,,80.09,166303494.0,27.5,3523.9840000000004,0.8,0.632
10199,Bangladesh,BGD,2020-07-28,1378.1129999999998,17.799,18.039,0.21,,,,,,80.09,166303494.0,27.5,3523.9840000000004,0.8,0.632
10200,Bangladesh,BGD,2020-07-29,1396.2060000000001,18.093,18.25,0.21,,,,,,80.09,166303494.0,27.5,3523.9840000000004,0.8,0.632
10201,Bangladesh,BGD,2020-07-30,1412.412,16.205,18.538,0.289,,,,,,80.09,166303494.0,27.5,3523.9840000000004,0.8,0.632
10202,Bangladesh,BGD,2020-07-31,1429.08,16.668,18.707,0.168,,,,,,80.09,166303494.0,27.5,3523.9840000000004,0.8,0.632
10203,Bangladesh,BGD,2020-08-01,1442.3029999999999,13.222999999999999,18.833,0.126,,,,,,80.09,166303494.0,27.5,3523.9840000000004,0.8,0.632
10204,Bangladesh,BGD,2020-08-02,1447.63,5.327999999999999,18.965,0.132,,,,,,80.09,166303494.0,27.5,3523.9840000000004,0.8,0.632
10205,Bangladesh,BGD,2020-08-03,1455.7839999999999,8.154,19.146,0.18,,,,,,80.09,166303494.0,27.5,3523.9840000000004,0.8,0.632
10206,Bangladesh,BGD,2020-08-04,1467.317,11.533,19.445999999999998,0.301,,,,,,80.09,166303494.0,27.5,3523.9840000000004,0.8,0.632
10207,Bangladesh,BGD,2020-08-05,1483.276,15.959000000000001,19.645,0.198,,,,,,80.09,166303494.0,27.5,3523.9840000000004,0.8,0.632
10208,Bangladesh,BGD,2020-08-06,1501.1770000000001,17.901,19.879,0.235,,,,,,80.09,166303494.0,27.5,3523.9840000000004,0.8,0.632
10209,Bangladesh,BGD,2020-08-07,1518.32,17.143,20.042,0.162,,,,,,80.09,166303494.0,27.5,3523.9840000000004,0.8,0.632
10210,Bangladesh,BGD,2020-08-08,1534.021,15.7,20.234,0.192,,,,,,80.09,166303494.0,27.5,3523.9840000000004,0.8,0.632
10211,Bangladesh,BGD,2020-08-09,1548.975,14.955,20.439,0.204,,,,,,80.09,166303494.0,27.5,3523.9840000000004,0.8,0.632
10212,Bangladesh,BGD,2020-08-10,1566.455,17.48,20.673000000000002,0.235,,,,,,80.09,166303494.0,27.5,3523.9840000000004,0.8,0.632
10213,Bangladesh,BGD,2020-08-11,1584.471,18.015,20.871,0.198,,,,,,80.09,166303494.0,27.5,3523.9840000000004,0.8,0.632
10214,Bangladesh,BGD,2020-08-12,1602.48,18.009,21.124000000000002,0.253,,,,,,80.09,166303494.0,27.5,3523.9840000000004,0.8,0.632
10215,Bangladesh,BGD,2020-08-13,1618.2160000000001,15.735999999999999,21.389,0.265,,,,,,80.09,166303494.0,27.5,3523.9840000000004,0.8,0.632
10216,Bangladesh,BGD,2020-08-14,1634.848,16.632,21.593000000000004,0.204,,,,,,80.09,166303494.0,27.5,3523.9840000000004,0.8,0.632
10217,Bangladesh,BGD,2020-08-15,1650.747,15.899000000000001,21.796999999999997,0.204,,,,,,80.09,166303494.0,27.5,3523.9840000000004,0.8,0.632
10218,Bangladesh,BGD,2020-08-16,1662.918,12.171,21.99,0.192,,,,,,80.09,166303494.0,27.5,3523.9840000000004,0.8,0.632
10219,Bangladesh,BGD,2020-08-17,1678.5220000000002,15.604000000000001,22.212,0.222,,,,,,80.09,166303494.0,27.5,3523.9840000000004,0.8,0.632
10220,Bangladesh,BGD,2020-08-18,1697.763,19.242,22.489,0.27699999999999997,,,,,,80.09,166303494.0,27.5,3523.9840000000004,0.8,0.632
10221,Bangladesh,BGD,2020-08-19,1714.281,16.518,22.736,0.247,,,,,,80.09,166303494.0,27.5,3523.9840000000004,0.8,0.632
10222,Bangladesh,BGD,2020-08-20,1731.527,17.246,22.982,0.247,,,,,,80.09,166303494.0,27.5,3523.9840000000004,0.8,0.632
10223,Bangladesh,BGD,2020-08-21,1745.965,14.437000000000001,23.217,0.235,,,,,,80.09,166303494.0,27.5,3523.9840000000004,0.8,0.632
10224,Bangladesh,BGD,2020-08-22,1759.5839999999998,13.62,23.493000000000002,0.27699999999999997,,,,,,80.09,166303494.0,27.5,3523.9840000000004,0.8,0.632
10225,Bangladesh,BGD,2020-08-23,1771.4479999999999,11.864,23.698,0.204,,,,,,80.09,166303494.0,27.5,3523.9840000000004,0.8,0.632
10226,Bangladesh,BGD,2020-08-24,1786.391,14.943,23.95,0.253,,,,,,80.09,166303494.0,27.5,3523.9840000000004,0.8,0.632
10227,Bangladesh,BGD,2020-08-25,1801.694,15.302999999999999,24.221,0.271,,,,,,80.09,166303494.0,27.5,3523.9840000000004,0.8,0.632
10228,Bangladesh,BGD,2020-08-26,1816.8410000000001,15.147,24.545,0.325,,,,,,80.09,166303494.0,27.5,3523.9840000000004,0.8,0.632
10229,Bangladesh,BGD,2020-08-27,1831.489,14.648,24.816,0.271,,,,,,80.09,166303494.0,27.5,3523.9840000000004,0.8,0.632
10230,Bangladesh,BGD,2020-08-28,1844.7839999999999,13.295,25.099,0.28300000000000003,,,,,,80.09,166303494.0,27.5,3523.9840000000004,0.8,0.632
10231,Bangladesh,BGD,2020-08-29,1857.598,12.814,25.291,0.192,,,,,,80.09,166303494.0,27.5,3523.9840000000004,0.8,0.632
10232,Bangladesh,BGD,2020-08-30,1869.005,11.407,25.544,0.253,,,,,,80.09,166303494.0,27.5,3523.9840000000004,0.8,0.632
10233,Bangladesh,BGD,2020-08-31,1882.0770000000002,13.072000000000001,25.741999999999997,0.198,,,,,,80.09,166303494.0,27.5,3523.9840000000004,0.8,0.632
10234,Bangladesh,BGD,2020-09-01,1893.8029999999999,11.725999999999999,25.953000000000003,0.21,,,,,,80.09,166303494.0,27.5,3523.9840000000004,0.8,0.632
10235,Bangladesh,BGD,2020-09-02,1909.328,15.526,26.163,0.21,,,,,,80.09,166303494.0,27.5,3523.9840000000004,0.8,0.632
10236,Bangladesh,BGD,2020-09-03,1922.305,12.975999999999999,26.355,0.192,,,,,,80.09,166303494.0,27.5,3523.9840000000004,0.8,0.632
10237,Bangladesh,BGD,2020-09-04,1933.904,11.599,26.53,0.174,,,,,,80.09,166303494.0,27.5,3523.9840000000004,0.8,0.632
10238,Bangladesh,BGD,2020-09-05,1945.63,11.725999999999999,26.74,0.21,,,,,,80.09,166303494.0,27.5,3523.9840000000004,0.8,0.632
10239,Bangladesh,BGD,2020-09-06,1955.2020000000002,9.573,26.933000000000003,0.192,,,,,,80.09,166303494.0,27.5,3523.9840000000004,0.8,0.632
10240,Bangladesh,BGD,2020-09-07,1968.443,13.241,27.155,0.222,,,,,,80.09,166303494.0,27.5,3523.9840000000004,0.8,0.632
10241,Bangladesh,BGD,2020-09-08,1979.82,11.377,27.372,0.21600000000000003,,,,,,80.09,166303494.0,27.5,3523.9840000000004,0.8,0.632
10242,Bangladesh,BGD,2020-09-09,1990.806,10.985999999999999,27.618000000000002,0.247,,,,,,80.09,166303494.0,27.5,3523.9840000000004,0.8,0.632
10243,Bangladesh,BGD,2020-09-10,2002.183,11.377,27.865,0.247,,,,,,80.09,166303494.0,27.5,3523.9840000000004,0.8,0.632
10244,Bangladesh,BGD,2020-09-11,2012.9579999999999,10.775,28.069000000000003,0.204,,,,,,80.09,166303494.0,27.5,3523.9840000000004,0.8,0.632
10245,Bangladesh,BGD,2020-09-12,2020.6670000000001,7.709,28.274,0.204,,,,,,80.09,166303494.0,27.5,3523.9840000000004,0.8,0.632
10246,Bangladesh,BGD,2020-09-13,2029.5420000000001,8.875,28.46,0.18600000000000003,,,,,,80.09,166303494.0,27.5,3523.9840000000004,0.8,0.632
10247,Bangladesh,BGD,2020-09-14,2040.4379999999999,10.895999999999999,28.616,0.156,,,,,,80.09,166303494.0,27.5,3523.9840000000004,0.8,0.632
10248,Bangladesh,BGD,2020-09-15,2050.805,10.367,28.875,0.259,,,,,,80.09,166303494.0,27.5,3523.9840000000004,0.8,0.632
10249,Bangladesh,BGD,2020-09-16,2060.516,9.711,29.000999999999998,0.126,,,,,,80.09,166303494.0,27.5,3523.9840000000004,0.8,0.632
10250,Bangladesh,BGD,2020-09-17,2070.095,9.579,29.218000000000004,0.21600000000000003,,,,,,80.09,166303494.0,27.5,3523.9840000000004,0.8,0.632
10251,Bangladesh,BGD,2020-09-18,2079.361,9.266,29.35,0.132,,,,,,80.09,166303494.0,27.5,3523.9840000000004,0.8,0.632
10252,Bangladesh,BGD,2020-09-19,2088.784,9.423,29.541999999999998,0.192,,,,,,80.09,166303494.0,27.5,3523.9840000000004,0.8,0.632
10253,Bangladesh,BGD,2020-09-20,2098.08,9.296,29.699,0.156,,,,,,80.09,166303494.0,27.5,3523.9840000000004,0.8,0.632
10254,Bangladesh,BGD,2020-09-21,2108.32,10.24,29.939,0.24100000000000002,,,,,,80.09,166303494.0,27.5,3523.9840000000004,0.8,0.632
10255,Bangladesh,BGD,2020-09-22,2117.683,9.362,30.108,0.168,,,,,,80.09,166303494.0,27.5,3523.9840000000004,0.8,0.632
10256,Bangladesh,BGD,2020-09-23,2127.7,10.017999999999999,30.33,0.222,,,,,,80.09,166303494.0,27.5,3523.9840000000004,0.8,0.632
10257,Bangladesh,BGD,2020-09-24,2136.9610000000002,9.26,30.498,0.168,,,,,,80.09,166303494.0,27.5,3523.9840000000004,0.8,0.632
10258,Bangladesh,BGD,2020-09-25,2145.277,8.316,30.625,0.126,,,,,,80.09,166303494.0,27.5,3523.9840000000004,0.8,0.632
10259,Bangladesh,BGD,2020-09-26,2151.927,6.65,30.840999999999998,0.21600000000000003,,,,,,80.09,166303494.0,27.5,3523.9840000000004,0.8,0.632
10260,Bangladesh,BGD,2020-09-27,2159.594,7.667000000000001,31.034000000000002,0.192,,,,,,80.09,166303494.0,27.5,3523.9840000000004,0.8,0.632
10261,Bangladesh,BGD,2020-09-28,2168.054,8.46,31.226,0.192,,,,,,80.09,166303494.0,27.5,3523.9840000000004,0.8,0.632
10262,Bangladesh,BGD,2020-09-29,2177.002,8.947000000000001,31.381999999999998,0.156,,,,,,80.09,166303494.0,27.5,3523.9840000000004,0.8,0.632
10263,Bangladesh,BGD,2020-09-30,2185.637,8.635,31.575,0.192,,,,,,80.09,166303494.0,27.5,3523.9840000000004,0.8,0.632
10264,Bangladesh,BGD,2020-10-01,2194.7039999999997,9.068,31.701,0.126,,,,,,80.09,166303494.0,27.5,3523.9840000000004,0.8,0.632
10265,Bangladesh,BGD,2020-10-02,2203.099,8.394,31.9,0.198,,,,,,80.09,166303494.0,27.5,3523.9840000000004,0.8,0.632
10266,Bangladesh,BGD,2020-10-03,2210.206,7.107,32.02,0.12,,,,,,80.09,166303494.0,27.5,3523.9840000000004,0.8,0.632
10267,Bangladesh,BGD,2020-10-04,2216.971,6.765,32.158,0.138,,,,,,80.09,166303494.0,27.5,3523.9840000000004,0.8,0.632
10268,Bangladesh,BGD,2020-10-05,2225.6420000000003,8.671,32.32,0.162,,,,,,80.09,166303494.0,27.5,3523.9840000000004,0.8,0.632
10269,Bangladesh,BGD,2020-10-06,2234.655,9.014,32.501,0.18,,,,,,80.09,166303494.0,27.5,3523.9840000000004,0.8,0.632
10270,Bangladesh,BGD,2020-10-07,2243.795,9.14,32.711,0.21,,,,,,80.09,166303494.0,27.5,3523.9840000000004,0.8,0.632
10271,Bangladesh,BGD,2020-10-08,2252.46,8.665,32.832,0.12,,,,,,80.09,166303494.0,27.5,3523.9840000000004,0.8,0.632
10272,Bangladesh,BGD,2020-10-09,2260.145,7.685,32.934,0.102,,,,,,80.09,166303494.0,27.5,3523.9840000000004,0.8,0.632
10273,Bangladesh,BGD,2020-10-10,2267.379,7.234,33.071999999999996,0.138,,,,,,80.09,166303494.0,27.5,3523.9840000000004,0.8,0.632
10274,Bangladesh,BGD,2020-10-11,2274.552,7.1739999999999995,33.216,0.14400000000000002,,,,,,80.09,166303494.0,27.5,3523.9840000000004,0.8,0.632
10275,Bangladesh,BGD,2020-10-12,2283.404,8.851,33.403,0.18600000000000003,,,,,,80.09,166303494.0,27.5,3523.9840000000004,0.8,0.632
10276,Bangladesh,BGD,2020-10-13,2292.646,9.242,33.535,0.132,,,,,,80.09,166303494.0,27.5,3523.9840000000004,0.8,0.632
10277,Bangladesh,BGD,2020-10-14,2302.772,10.126,33.631,0.096,,,,,,80.09,166303494.0,27.5,3523.9840000000004,0.8,0.632
10278,Bangladesh,BGD,2020-10-15,2312.393,9.621,33.721,0.09,,,,,,80.09,166303494.0,27.5,3523.9840000000004,0.8,0.632
10279,Bangladesh,BGD,2020-10-16,2321.575,9.182,33.812,0.09,,,,,,80.09,166303494.0,27.5,3523.9840000000004,0.8,0.632
10280,Bangladesh,BGD,2020-10-17,2328.845,7.27,33.95,0.138,,,,,,80.09,166303494.0,27.5,3523.9840000000004,0.8,0.632
10281,Bangladesh,BGD,2020-10-18,2336.505,7.6610000000000005,34.034,0.084,,,,,,80.09,166303494.0,27.5,3523.9840000000004,0.8,0.632
10282,Bangladesh,BGD,2020-10-19,2346.349,9.843,34.16,0.126,,,,,,80.09,166303494.0,27.5,3523.9840000000004,0.8,0.632
10283,Bangladesh,BGD,2020-10-20,2354.647,8.298,34.269,0.10800000000000001,,,,,,80.09,166303494.0,27.5,3523.9840000000004,0.8,0.632
10284,Bangladesh,BGD,2020-10-21,2363.937,9.29,34.413000000000004,0.14400000000000002,,,,,,80.09,166303494.0,27.5,3523.9840000000004,0.8,0.632
10285,Bangladesh,BGD,2020-10-22,2374.135,10.198,34.556999999999995,0.14400000000000002,,,,,,80.09,166303494.0,27.5,3523.9840000000004,0.8,0.632
10286,Bangladesh,BGD,2020-10-23,2383.672,9.537,34.641,0.084,,,,,,80.09,166303494.0,27.5,3523.9840000000004,0.8,0.632
10287,Bangladesh,BGD,2020-10-24,2390.25,6.577999999999999,34.756,0.114,,,,,,80.09,166303494.0,27.5,3523.9840000000004,0.8,0.632
10288,Bangladesh,BGD,2020-10-25,2398.116,7.865,34.894,0.138,,,,,,80.09,166303494.0,27.5,3523.9840000000004,0.8,0.632
10289,Bangladesh,BGD,2020-10-26,2406.75,8.635,34.984,0.09,,,,,,80.09,166303494.0,27.5,3523.9840000000004,0.8,0.632
10290,Bangladesh,BGD,2020-10-27,2414.778,8.027000000000001,35.104,0.12,,,,,,80.09,166303494.0,27.5,3523.9840000000004,0.8,0.632
10291,Bangladesh,BGD,2020-10-28,2423.755,8.978,35.243,0.138,,,,,,80.09,166303494.0,27.5,3523.9840000000004,0.8,0.632
10292,Bangladesh,BGD,2020-10-29,2433.863,10.107999999999999,35.393,0.15,,,,,,80.09,166303494.0,27.5,3523.9840000000004,0.8,0.632
10293,Bangladesh,BGD,2020-10-30,2443.508,9.645,35.507,0.114,,,,,,80.09,166303494.0,27.5,3523.9840000000004,0.8,0.632
10294,Bangladesh,BGD,2020-10-31,2451.446,7.937,35.616,0.10800000000000001,,,,,,80.09,166303494.0,27.5,3523.9840000000004,0.8,0.632
10295,Bangladesh,BGD,2020-11-01,2460.874,9.429,35.724000000000004,0.10800000000000001,,,,,,80.09,166303494.0,27.5,3523.9840000000004,0.8,0.632
10296,Bangladesh,BGD,2020-11-02,2471.313,10.439,35.874,0.15,,,,,,80.09,166303494.0,27.5,3523.9840000000004,0.8,0.632
10297,Bangladesh,BGD,2020-11-03,2481.2889999999998,9.976,35.976,0.102,,,,,,80.09,166303494.0,27.5,3523.9840000000004,0.8,0.632
10298,Bangladesh,BGD,2020-11-04,2490.411,9.122,36.103,0.126,,,,,,80.09,166303494.0,27.5,3523.9840000000004,0.8,0.632
10299,Bangladesh,BGD,2020-11-05,2501.487,11.075999999999999,36.205,0.102,,,,,,80.09,166303494.0,27.5,3523.9840000000004,0.8,0.632
10300,Bangladesh,BGD,2020-11-06,2510.32,8.833,36.295,0.09,,,,,,80.09,166303494.0,27.5,3523.9840000000004,0.8,0.632
10301,Bangladesh,BGD,2020-11-07,2518.071,7.751,36.373000000000005,0.078,,,,,,80.09,166303494.0,27.5,3523.9840000000004,0.8,0.632
10302,Bangladesh,BGD,2020-11-08,2526.9339999999997,8.863,36.481,0.10800000000000001,,,,,,80.09,166303494.0,27.5,3523.9840000000004,0.8,0.632
10303,Bangladesh,BGD,2020-11-09,2537.054,10.12,36.632,0.15,,,,,,80.09,166303494.0,27.5,3523.9840000000004,0.8,0.632
10304,Bangladesh,BGD,2020-11-10,2547.271,10.216000000000001,36.728,0.096,,,,,,80.09,166303494.0,27.5,3523.9840000000004,0.8,0.632
10305,Bangladesh,BGD,2020-11-11,2557.6910000000003,10.421,36.842,0.114,,,,,,80.09,166303494.0,27.5,3523.9840000000004,0.8,0.632
10306,Bangladesh,BGD,2020-11-12,2568.785,11.094000000000001,36.92,0.078,,,,,,80.09,166303494.0,27.5,3523.9840000000004,0.8,0.632
10307,Bangladesh,BGD,2020-11-13,2579.411,10.625,37.035,0.114,,,,,,80.09,166303494.0,27.5,3523.9840000000004,0.8,0.632
10308,Bangladesh,BGD,2020-11-14,2588.617,9.206,37.119,0.084,,,,,,80.09,166303494.0,27.5,3523.9840000000004,0.8,0.632
10309,Bangladesh,BGD,2020-11-15,2599.663,11.046,37.245,0.126,,,,,,80.09,166303494.0,27.5,3523.9840000000004,0.8,0.632
10310,Bangladesh,BGD,2020-11-16,2612.525,12.862,37.371,0.126,,,,,,80.09,166303494.0,27.5,3523.9840000000004,0.8,0.632
10311,Bangladesh,BGD,2020-11-17,2625.8259999999996,13.300999999999998,37.606,0.235,,,,,,80.09,166303494.0,27.5,3523.9840000000004,0.8,0.632
10312,Bangladesh,BGD,2020-11-18,2638.5190000000002,12.694,37.732,0.126,,,,,,80.09,166303494.0,27.5,3523.9840000000004,0.8,0.632
10313,Bangladesh,BGD,2020-11-19,2652.7340000000004,14.215,37.913000000000004,0.18,,,,,,80.09,166303494.0,27.5,3523.9840000000004,0.8,0.632
10314,Bangladesh,BGD,2020-11-20,2666.414,13.68,38.015,0.102,,,,,,80.09,166303494.0,27.5,3523.9840000000004,0.8,0.632
10315,Bangladesh,BGD,2020-11-21,2677.52,11.106,38.183,0.168,,,,,,80.09,166303494.0,27.5,3523.9840000000004,0.8,0.632
10316,Bangladesh,BGD,2020-11-22,2689.907,12.387,38.412,0.228,,,,,,80.09,166303494.0,27.5,3523.9840000000004,0.8,0.632
10317,Bangladesh,BGD,2020-11-23,2704.453,14.546,38.58,0.168,,,,,,80.09,166303494.0,27.5,3523.9840000000004,0.8,0.632
10318,Bangladesh,BGD,2020-11-24,2717.862,13.409,38.772,0.192,,,,,,80.09,166303494.0,27.5,3523.9840000000004,0.8,0.632
10319,Bangladesh,BGD,2020-11-25,2730.827,12.964,39.007,0.235,,,,,,80.09,166303494.0,27.5,3523.9840000000004,0.8,0.632
10320,Bangladesh,BGD,2020-11-26,2744.6090000000004,13.782,39.229,0.222,,,,,,80.09,166303494.0,27.5,3523.9840000000004,0.8,0.632
10321,Bangladesh,BGD,2020-11-27,2758.276,13.668,39.35,0.12,,,,,,80.09,166303494.0,27.5,3523.9840000000004,0.8,0.632
10322,Bangladesh,BGD,2020-11-28,2769.7490000000003,11.472999999999999,39.566,0.21600000000000003,,,,,,80.09,166303494.0,27.5,3523.9840000000004,0.8,0.632
10323,Bangladesh,BGD,2020-11-29,2780.5009999999997,10.751,39.741,0.174,,,,,,80.09,166303494.0,27.5,3523.9840000000004,0.8,0.632
10324,Bangladesh,BGD,2020-11-30,2795.684,15.183,39.951,0.21,,,,,,80.09,166303494.0,27.5,3523.9840000000004,0.8,0.632
10325,Bangladesh,BGD,2020-12-01,2809.472,13.788,40.137,0.18600000000000003,,,,,,80.09,166303494.0,27.5,3523.9840000000004,0.8,0.632
10326,Bangladesh,BGD,2020-12-02,2822.6890000000003,13.217,40.366,0.228,,,,,,80.09,166303494.0,27.5,3523.9840000000004,0.8,0.632
10327,Bangladesh,BGD,2020-12-03,2836.615,13.925999999999998,40.576,0.21,,,,,,80.09,166303494.0,27.5,3523.9840000000004,0.8,0.632
10328,Bangladesh,BGD,2020-12-04,2850.157,13.542,40.721,0.14400000000000002,,,,,,80.09,166303494.0,27.5,3523.9840000000004,0.8,0.632
10329,Bangladesh,BGD,2020-12-05,2860.968,10.812000000000001,40.931,0.21,,,,,,80.09,166303494.0,27.5,3523.9840000000004,0.8,0.632
10330,Bangladesh,BGD,2020-12-06,2871.527,10.559000000000001,41.118,0.18600000000000003,,,,,,80.09,166303494.0,27.5,3523.9840000000004,0.8,0.632
10331,Bangladesh,BGD,2020-12-07,2884.744,13.217,41.333999999999996,0.21600000000000003,,,,,,80.09,166303494.0,27.5,3523.9840000000004,0.8,0.632
10332,Bangladesh,BGD,2020-12-08,2897.985,13.241,41.526,0.192,,,,,,80.09,166303494.0,27.5,3523.9840000000004,0.8,0.632
10333,Bangladesh,BGD,2020-12-09,2910.967,12.982000000000001,41.67100000000001,0.14400000000000002,,,,,,80.09,166303494.0,27.5,3523.9840000000004,0.8,0.632
10334,Bangladesh,BGD,2020-12-10,2922.157,11.19,41.893,0.222,,,,,,80.09,166303494.0,27.5,3523.9840000000004,0.8,0.632
10335,Bangladesh,BGD,2020-12-11,2933.486,11.329,42.008,0.114,,,,,,80.09,166303494.0,27.5,3523.9840000000004,0.8,0.632
10336,Bangladesh,BGD,2020-12-12,2941.478,7.9910000000000005,42.211999999999996,0.204,,,,,,80.09,166303494.0,27.5,3523.9840000000004,0.8,0.632
10337,Bangladesh,BGD,2020-12-13,2949.625,8.148,42.403999999999996,0.192,,,,,,80.09,166303494.0,27.5,3523.9840000000004,0.8,0.632
10338,Bangladesh,BGD,2020-12-14,2960.4429999999998,10.818,42.626999999999995,0.222,,,,,,80.09,166303494.0,27.5,3523.9840000000004,0.8,0.632
10339,Bangladesh,BGD,2020-12-15,2971.73,11.287,42.867,0.24100000000000002,,,,,,80.09,166303494.0,27.5,3523.9840000000004,0.8,0.632
10340,Bangladesh,BGD,2020-12-16,2981.5429999999997,9.812999999999999,43.03,0.162,,,,,,80.09,166303494.0,27.5,3523.9840000000004,0.8,0.632
10341,Bangladesh,BGD,2020-12-17,2988.362,6.819,43.246,0.21600000000000003,,,,,,80.09,166303494.0,27.5,3523.9840000000004,0.8,0.632
10342,Bangladesh,BGD,2020-12-18,2996.2870000000003,7.925,43.397,0.15,,,,,,80.09,166303494.0,27.5,3523.9840000000004,0.8,0.632
10343,Bangladesh,BGD,2020-12-19,3003.906,7.619,43.547,0.15,,,,,,80.09,166303494.0,27.5,3523.9840000000004,0.8,0.632
10344,Bangladesh,BGD,2020-12-20,3010.8390000000004,6.933,43.775,0.228,,,,,,80.09,166303494.0,27.5,3523.9840000000004,0.8,0.632
10345,Bangladesh,BGD,2020-12-21,3019.678,8.839,43.968,0.192,,,,,,80.09,166303494.0,27.5,3523.9840000000004,0.8,0.632
10346,Bangladesh,BGD,2020-12-22,3027.603,7.925,44.07,0.102,,,,,,80.09,166303494.0,27.5,3523.9840000000004,0.8,0.632
10347,Bangladesh,BGD,2020-12-23,3035.823,8.22,44.25,0.18,,,,,,80.09,166303494.0,27.5,3523.9840000000004,0.8,0.632
10348,Bangladesh,BGD,2020-12-24,3043.243,7.42,44.365,0.114,,,,,,80.09,166303494.0,27.5,3523.9840000000004,0.8,0.632
10349,Bangladesh,BGD,2020-12-25,3050.237,6.992999999999999,44.485,0.12,,,,,,80.09,166303494.0,27.5,3523.9840000000004,0.8,0.632
10350,Bangladesh,BGD,2020-12-26,3055.252,5.015,44.665,0.18,,,,,,80.09,166303494.0,27.5,3523.9840000000004,0.8,0.632
10351,Bangladesh,BGD,2020-12-27,3061.559,6.308,44.81,0.14400000000000002,,,,,,80.09,166303494.0,27.5,3523.9840000000004,0.8,0.632
10352,Bangladesh,BGD,2020-12-28,3067.163,5.604,44.972,0.162,,,,,,80.09,166303494.0,27.5,3523.9840000000004,0.8,0.632
10353,Bangladesh,BGD,2020-12-29,3074.265,7.101,45.152,0.18,,,,,,80.09,166303494.0,27.5,3523.9840000000004,0.8,0.632
10354,Bangladesh,BGD,2020-12-30,3081.691,7.426,45.285,0.132,,,,,,80.09,166303494.0,27.5,3523.9840000000004,0.8,0.632
10355,Bangladesh,BGD,2020-12-31,3087.788,6.097,45.453,0.168,,,,,,80.09,166303494.0,27.5,3523.9840000000004,0.8,0.632
10356,Bangladesh,BGD,2021-01-01,3093.741,5.952999999999999,45.555,0.102,,,,,,80.09,166303494.0,27.5,3523.9840000000004,0.8,0.632
10357,Bangladesh,BGD,2021-01-02,3097.8540000000003,4.113,45.693999999999996,0.138,,,,,,80.09,166303494.0,27.5,3523.9840000000004,0.8,0.632
10358,Bangladesh,BGD,2021-01-03,3102.875,5.021,45.856,0.162,,,,,,80.09,166303494.0,27.5,3523.9840000000004,0.8,0.632
10359,Bangladesh,BGD,2021-01-04,3108.347,5.472,46.0,0.14400000000000002,,,,,,80.09,166303494.0,27.5,3523.9840000000004,0.8,0.632
10360,Bangladesh,BGD,2021-01-05,3114.3059999999996,5.959,46.12,0.12,,,,,,80.09,166303494.0,27.5,3523.9840000000004,0.8,0.632
10361,Bangladesh,BGD,2021-01-06,3120.187,5.881,46.223,0.102,,,,,,80.09,166303494.0,27.5,3523.9840000000004,0.8,0.632
10362,Bangladesh,BGD,2021-01-07,3126.242,6.055,46.409,0.18600000000000003,,,,,,80.09,166303494.0,27.5,3523.9840000000004,0.8,0.632
10363,Bangladesh,BGD,2021-01-08,3130.962,4.72,46.505,0.096,,,,,,80.09,166303494.0,27.5,3523.9840000000004,0.8,0.632
10364,Bangladesh,BGD,2021-01-09,3135.1240000000003,4.1610000000000005,46.638000000000005,0.132,,,,,,80.09,166303494.0,27.5,3523.9840000000004,0.8,0.632
10365,Bangladesh,BGD,2021-01-10,3141.5640000000003,6.44,46.788000000000004,0.15,,,,,,80.09,166303494.0,27.5,3523.9840000000004,0.8,0.632
10366,Bangladesh,BGD,2021-01-11,3146.6690000000003,5.105,46.92,0.132,,,,,,80.09,166303494.0,27.5,3523.9840000000004,0.8,0.632
10367,Bangladesh,BGD,2021-01-12,3150.986,4.317,47.016000000000005,0.096,,,,,,80.09,166303494.0,27.5,3523.9840000000004,0.8,0.632
10368,Bangladesh,BGD,2021-01-13,3156.3379999999997,5.352,47.101000000000006,0.084,,,,,,80.09,166303494.0,27.5,3523.9840000000004,0.8,0.632
10369,Bangladesh,BGD,2021-01-14,3161.2259999999997,4.888999999999999,47.196999999999996,0.096,,,,,,80.09,166303494.0,27.5,3523.9840000000004,0.8,0.632
10370,Bangladesh,BGD,2021-01-15,3165.808,4.582,47.275,0.078,,,,,,80.09,166303494.0,27.5,3523.9840000000004,0.8,0.632
10371,Bangladesh,BGD,2021-01-16,3169.284,3.4760000000000004,47.401,0.126,,,,,,80.09,166303494.0,27.5,3523.9840000000004,0.8,0.632
10372,Bangladesh,BGD,2021-01-17,3172.705,3.4210000000000003,47.54,0.138,,,,,,80.09,166303494.0,27.5,3523.9840000000004,0.8,0.632
10373,Bangladesh,BGD,2021-01-18,3176.897,4.191,47.636,0.096,,,,,,80.09,166303494.0,27.5,3523.9840000000004,0.8,0.632
10374,Bangladesh,BGD,2021-01-19,3181.118,4.221,47.756,0.12,,,,,,80.09,166303494.0,27.5,3523.9840000000004,0.8,0.632
10375,Bangladesh,BGD,2021-01-20,3185.062,3.945,47.803999999999995,0.048,,,,,,80.09,166303494.0,27.5,3523.9840000000004,0.8,0.632
10376,Bangladesh,BGD,2021-01-21,3188.574,3.512,47.9,0.096,,,,,,80.09,166303494.0,27.5,3523.9840000000004,0.8,0.632
10377,Bangladesh,BGD,2021-01-22,3192.296,3.722,47.99100000000001,0.09,,,,,,80.09,166303494.0,27.5,3523.9840000000004,0.8,0.632
10378,Bangladesh,BGD,2021-01-23,3194.9179999999997,2.622,48.123000000000005,0.132,,,,,,80.09,166303494.0,27.5,3523.9840000000004,0.8,0.632
10379,Bangladesh,BGD,2021-01-24,3197.762,2.844,48.243,0.12,,,,,,80.09,166303494.0,27.5,3523.9840000000004,0.8,0.632
10380,Bangladesh,BGD,2021-01-25,3201.382,3.62,48.351000000000006,0.10800000000000001,,,,,,80.09,166303494.0,27.5,3523.9840000000004,0.8,0.632
10381,Bangladesh,BGD,2021-01-26,3204.4790000000003,3.097,48.43600000000001,0.084,,,0.0,,,81.02,166303494.0,27.5,3523.9840000000004,0.8,0.632
10382,Bangladesh,BGD,2021-01-27,3207.6540000000005,3.175,48.538000000000004,0.102,,,0.0,,,81.02,166303494.0,27.5,3523.9840000000004,0.8,0.632
10383,Bangladesh,BGD,2021-01-28,3210.7140000000004,3.0610000000000004,48.628,0.09,,,0.0,,,81.02,166303494.0,27.5,3523.9840000000004,0.8,0.632
10384,Bangladesh,BGD,2021-01-29,3213.4440000000004,2.73,48.67,0.042,,,,,,81.02,166303494.0,27.5,3523.9840000000004,0.8,0.632
10385,Bangladesh,BGD,2021-01-30,3215.627,2.1830000000000003,48.772,0.102,,,,,,81.02,166303494.0,27.5,3523.9840000000004,0.8,0.632
10386,Bangladesh,BGD,2021-01-31,3217.8459999999995,2.219,48.868,0.096,,,,,,81.02,166303494.0,27.5,3523.9840000000004,0.8,0.632
10387,Bangladesh,BGD,2021-02-01,3220.51,2.6639999999999997,48.928999999999995,0.06,,,,,,81.02,166303494.0,27.5,3523.9840000000004,0.8,0.632
10388,Bangladesh,BGD,2021-02-02,3223.6659999999997,3.157,49.001000000000005,0.07200000000000001,,,,,,81.02,166303494.0,27.5,3523.9840000000004,0.8,0.632
10389,Bangladesh,BGD,2021-02-03,3226.3,2.634,49.07899999999999,0.078,,,,,,81.02,166303494.0,27.5,3523.9840000000004,0.8,0.632
10390,Bangladesh,BGD,2021-02-04,3229.217,2.9160000000000004,49.157,0.078,,,,,,81.02,166303494.0,27.5,3523.9840000000004,0.8,0.632
10391,Bangladesh,BGD,2021-02-05,3231.8320000000003,2.616,49.199,0.042,,,,,,81.02,166303494.0,27.5,3523.9840000000004,0.8,0.632
10392,Bangladesh,BGD,2021-02-06,3233.6659999999997,1.834,49.247,0.048,,,,,,81.02,166303494.0,27.5,3523.9840000000004,0.8,0.632
10393,Bangladesh,BGD,2021-02-07,3235.422,1.756,49.338,0.09,,,0.02,,,81.02,166303494.0,27.5,3523.9840000000004,0.8,0.632
10394,Bangladesh,BGD,2021-02-08,3237.322,1.9,49.434,0.096,,,,,,81.02,166303494.0,27.5,3523.9840000000004,0.8,0.632
10395,Bangladesh,BGD,2021-02-09,3239.6490000000003,2.327,49.482,0.048,,,0.11,,,81.02,166303494.0,27.5,3523.9840000000004,0.8,0.632
10396,Bangladesh,BGD,2021-02-10,3241.982,2.333,49.542,0.06,,,0.2,,,81.02,166303494.0,27.5,3523.9840000000004,0.8,0.632
10397,Bangladesh,BGD,2021-02-11,3244.255,2.273,49.596000000000004,0.054000000000000006,,,,,,81.02,166303494.0,27.5,3523.9840000000004,0.8,0.632
10398,Bangladesh,BGD,2021-02-12,3246.925,2.67,49.626000000000005,0.03,,,,,,81.02,166303494.0,27.5,3523.9840000000004,0.8,0.632
10399,Bangladesh,BGD,2021-02-13,3248.675,1.75,49.70399999999999,0.078,,,0.44,,,81.02,166303494.0,27.5,3523.9840000000004,0.8,0.632
10400,Bangladesh,BGD,2021-02-14,3250.635,1.96,49.751999999999995,0.048,,,0.54,,,81.02,166303494.0,27.5,3523.9840000000004,0.8,0.632
10401,Bangladesh,BGD,2021-02-15,3253.317,2.682,49.818999999999996,0.066,,,0.68,,,81.02,166303494.0,27.5,3523.9840000000004,0.8,0.632
10402,Bangladesh,BGD,2021-02-16,3255.698,2.381,49.897,0.078,,,0.82,,,81.02,166303494.0,27.5,3523.9840000000004,0.8,0.632
10403,Bangladesh,BGD,2021-02-17,3258.362,2.6639999999999997,49.993,0.096,,,0.95,,,81.02,166303494.0,27.5,3523.9840000000004,0.8,0.632
10404,Bangladesh,BGD,2021-02-18,3260.7129999999997,2.351,50.083,0.09,,,1.11,,,81.02,166303494.0,27.5,3523.9840000000004,0.8,0.632
10405,Bangladesh,BGD,2021-02-19,3263.155,2.441,50.131,0.048,,,,,,81.02,166303494.0,27.5,3523.9840000000004,0.8,0.632
10406,Bangladesh,BGD,2021-02-20,3265.259,2.105,50.161,0.03,,,1.25,,,81.02,166303494.0,27.5,3523.9840000000004,0.8,0.632
10407,Bangladesh,BGD,2021-02-21,3267.225,1.966,50.203,0.042,,,,,,81.02,166303494.0,27.5,3523.9840000000004,0.8,0.632
10408,Bangladesh,BGD,2021-02-22,3269.426,2.201,50.245,0.042,,,1.39,,,81.02,166303494.0,27.5,3523.9840000000004,0.8,0.632
10409,Bangladesh,BGD,2021-02-23,3271.825,2.399,50.354,0.10800000000000001,,,1.5,,,81.02,166303494.0,27.5,3523.9840000000004,0.8,0.632
10410,Bangladesh,BGD,2021-02-24,3274.3990000000003,2.574,50.38399999999999,0.03,,,1.61,,,81.02,166303494.0,27.5,3523.9840000000004,0.8,0.632
10411,Bangladesh,BGD,2021-02-25,3276.864,2.465,50.413999999999994,0.03,,,1.71,,,81.02,166303494.0,27.5,3523.9840000000004,0.8,0.632
10412,Bangladesh,BGD,2021-02-26,3279.691,2.826,50.48,0.066,,,,,,81.02,166303494.0,27.5,3523.9840000000004,0.8,0.632
10413,Bangladesh,BGD,2021-02-27,3282.138,2.447,50.51,0.03,,,1.79,,,81.02,166303494.0,27.5,3523.9840000000004,0.8,0.632
10414,Bangladesh,BGD,2021-02-28,3284.453,2.315,50.558,0.048,,,1.87,,,81.02,166303494.0,27.5,3523.9840000000004,0.8,0.632
10415,Bangladesh,BGD,2021-03-01,3287.9709999999995,3.5180000000000002,50.606,0.048,,,,,,81.02,166303494.0,27.5,3523.9840000000004,0.8,0.632
10416,Bangladesh,BGD,2021-03-02,3291.067,3.097,50.648,0.042,,,2.01,,,81.02,166303494.0,27.5,3523.9840000000004,0.8,0.632
10417,Bangladesh,BGD,2021-03-03,3294.759,3.6919999999999997,50.678000000000004,0.03,,,,,,81.02,166303494.0,27.5,3523.9840000000004,0.8,0.632
10418,Bangladesh,BGD,2021-03-04,3298.482,3.722,50.721000000000004,0.042,,,2.15,,,81.02,166303494.0,27.5,3523.9840000000004,0.8,0.632
10419,Bangladesh,BGD,2021-03-05,3302.3,3.818,50.757,0.036000000000000004,,,,,,81.02,166303494.0,27.5,3523.9840000000004,0.8,0.632
10420,Bangladesh,BGD,2021-03-06,3305.547,3.247,50.817,0.06,,,,,,81.02,166303494.0,27.5,3523.9840000000004,0.8,0.632
10421,Bangladesh,BGD,2021-03-07,3309.191,3.6439999999999997,50.883,0.066,,,2.21,,,81.02,166303494.0,27.5,3523.9840000000004,0.8,0.632
10422,Bangladesh,BGD,2021-03-08,3314.272,5.081,50.967,0.084,,,,,,81.02,166303494.0,27.5,3523.9840000000004,0.8,0.632
10423,Bangladesh,BGD,2021-03-09,3319.756,5.484,51.045,0.078,,,2.41,,,81.02,166303494.0,27.5,3523.9840000000004,0.8,0.632
10424,Bangladesh,BGD,2021-03-10,3325.877,6.121,51.086999999999996,0.042,,,,,,81.02,166303494.0,27.5,3523.9840000000004,0.8,0.632
10425,Bangladesh,BGD,2021-03-11,3332.197,6.32,51.123000000000005,0.036000000000000004,,,2.54,,,81.02,166303494.0,27.5,3523.9840000000004,0.8,0.632
10426,Bangladesh,BGD,2021-03-12,3338.607,6.41,51.202,0.078,,,,,,81.02,166303494.0,27.5,3523.9840000000004,0.8,0.632
10427,Bangladesh,BGD,2021-03-13,3344.704,6.097,51.273999999999994,0.07200000000000001,,,,,,81.02,166303494.0,27.5,3523.9840000000004,0.8,0.632
10428,Bangladesh,BGD,2021-03-14,3351.673,6.968999999999999,51.382,0.10800000000000001,,,2.64,,,81.02,166303494.0,27.5,3523.9840000000004,0.8,0.632
10429,Bangladesh,BGD,2021-03-15,3362.335,10.661,51.538000000000004,0.156,,,,,,81.02,166303494.0,27.5,3523.9840000000004,0.8,0.632
10430,Bangladesh,BGD,2021-03-16,3372.671,10.337,51.695,0.156,,,2.75,,,81.02,166303494.0,27.5,3523.9840000000004,0.8,0.632
10431,Bangladesh,BGD,2021-03-17,3383.886,11.214,51.761,0.066,,,,,,81.02,166303494.0,27.5,3523.9840000000004,0.8,0.632
10432,Bangladesh,BGD,2021-03-18,3397.0359999999996,13.151,51.857,0.096,,,2.82,,,81.02,166303494.0,27.5,3523.9840000000004,0.8,0.632
10433,Bangladesh,BGD,2021-03-19,3408.455,11.419,51.965,0.10800000000000001,,,,,,81.02,166303494.0,27.5,3523.9840000000004,0.8,0.632
10434,Bangladesh,BGD,2021-03-20,3419.688,11.232000000000001,52.122,0.156,,,2.86,,,81.02,166303494.0,27.5,3523.9840000000004,0.8,0.632
10435,Bangladesh,BGD,2021-03-21,3432.748,13.06,52.254,0.132,,,,,,81.02,166303494.0,27.5,3523.9840000000004,0.8,0.632
10436,Bangladesh,BGD,2021-03-22,3449.639,16.891,52.434,0.18,,,2.95,,,81.02,166303494.0,27.5,3523.9840000000004,0.8,0.632
10437,Bangladesh,BGD,2021-03-23,3471.009,21.371,52.542,0.10800000000000001,,,,,,81.02,166303494.0,27.5,3523.9840000000004,0.8,0.632
10438,Bangladesh,BGD,2021-03-24,3492.458,21.449,52.693000000000005,0.15,,,3.05,,,81.02,166303494.0,27.5,3523.9840000000004,0.8,0.632
10439,Bangladesh,BGD,2021-03-25,3514.027,21.569000000000003,52.897,0.204,,,3.09,,,81.02,166303494.0,27.5,3523.9840000000004,0.8,0.632
10440,Bangladesh,BGD,2021-03-26,3536.498,22.471,53.096000000000004,0.198,,,,,,81.02,166303494.0,27.5,3523.9840000000004,0.8,0.632
10441,Bangladesh,BGD,2021-03-27,3558.59,22.092,53.33,0.235,,,,,,81.02,166303494.0,27.5,3523.9840000000004,0.8,0.632
10442,Bangladesh,BGD,2021-03-28,3582.09,23.499000000000002,53.541000000000004,0.21,,,,,,81.02,166303494.0,27.5,3523.9840000000004,0.8,0.632
10443,Bangladesh,BGD,2021-03-29,3613.243,31.154,53.81100000000001,0.271,,,3.2,,,81.02,166303494.0,27.5,3523.9840000000004,0.8,0.632
10444,Bangladesh,BGD,2021-03-30,3643.5609999999997,30.318,54.082,0.271,,,,,,83.33,166303494.0,27.5,3523.9840000000004,0.8,0.632
10445,Bangladesh,BGD,2021-03-31,3675.78,32.218,54.395,0.313,,,3.23,,,83.33,166303494.0,27.5,3523.9840000000004,0.8,0.632
10446,Bangladesh,BGD,2021-04-01,3714.678,38.899,54.748999999999995,0.355,,,3.25,,,83.33,166303494.0,27.5,3523.9840000000004,0.8,0.632
10447,Bangladesh,BGD,2021-04-02,3755.748,41.068999999999996,55.05,0.301,,,,,,83.33,166303494.0,27.5,3523.9840000000004,0.8,0.632
10448,Bangladesh,BGD,2021-04-03,3789.92,34.172,55.398999999999994,0.349,,,3.28,,,83.33,166303494.0,27.5,3523.9840000000004,0.8,0.632
10449,Bangladesh,BGD,2021-04-04,3832.535,42.615,55.717,0.319,,,3.31,,,83.33,166303494.0,27.5,3523.9840000000004,0.8,0.632
10450,Bangladesh,BGD,2021-04-05,3875.078,42.543,56.03,0.313,,,3.33,,,83.33,166303494.0,27.5,3523.9840000000004,0.8,0.632
10451,Bangladesh,BGD,2021-04-06,3918.45,43.373000000000005,56.427,0.397,,,,,,83.33,166303494.0,27.5,3523.9840000000004,0.8,0.632
10452,Bangladesh,BGD,2021-04-07,3964.3059999999996,45.856,56.806000000000004,0.379,,,3.35,,,83.33,166303494.0,27.5,3523.9840000000004,0.8,0.632
10453,Bangladesh,BGD,2021-04-08,4005.52,41.214,57.251000000000005,0.445,,,3.36,0.05,,83.33,166303494.0,27.5,3523.9840000000004,0.8,0.632
10454,Bangladesh,BGD,2021-04-09,4050.39,44.87,57.63,0.379,,,,,,83.33,166303494.0,27.5,3523.9840000000004,0.8,0.632
10455,Bangladesh,BGD,2021-04-10,4082.518,32.128,58.093,0.46299999999999997,,,3.37,0.13,,83.33,166303494.0,27.5,3523.9840000000004,0.8,0.632
10456,Bangladesh,BGD,2021-04-11,4117.508,34.99,58.562,0.469,,,3.38,0.23,,83.33,166303494.0,27.5,3523.9840000000004,0.8,0.632
10457,Bangladesh,BGD,2021-04-12,4160.809,43.3,59.06100000000001,0.499,,,3.4,0.31,,83.33,166303494.0,27.5,3523.9840000000004,0.8,0.632
10458,Bangladesh,BGD,2021-04-13,4197.056,36.247,59.476000000000006,0.415,,,,,,83.33,166303494.0,27.5,3523.9840000000004,0.8,0.632
10459,Bangladesh,BGD,2021-04-14,4228.233,31.178,60.053000000000004,0.5770000000000001,,,,,,83.33,166303494.0,27.5,3523.9840000000004,0.8,0.632
10460,Bangladesh,BGD,2021-04-15,4253.44,25.206999999999997,60.618,0.565,,,3.42,0.56,,83.33,166303494.0,27.5,3523.9840000000004,0.8,0.632
10461,Bangladesh,BGD,2021-04-16,4280.0,26.56,61.225,0.607,,,,,,83.33,166303494.0,27.5,3523.9840000000004,0.8,0.632
10462,Bangladesh,BGD,2021-04-17,4300.884,20.884,61.833,0.607,,,,,,83.33,166303494.0,27.5,3523.9840000000004,0.8,0.632
10463,Bangladesh,BGD,2021-04-18,4323.12,22.236,62.446000000000005,0.613,,,3.44,0.82,,83.33,166303494.0,27.5,3523.9840000000004,0.8,0.632
10464,Bangladesh,BGD,2021-04-19,4348.802,25.682,63.12,0.6729999999999999,,,,,,83.33,166303494.0,27.5,3523.9840000000004,0.8,0.632
10465,Bangladesh,BGD,2021-04-20,4376.215999999999,27.414,63.667,0.547,,,3.45,1.01,,83.33,166303494.0,27.5,3523.9840000000004,0.8,0.632
10466,Bangladesh,BGD,2021-04-21,4401.952,25.736,64.238,0.5710000000000001,,,,,,83.33,166303494.0,27.5,3523.9840000000004,0.8,0.632
10467,Bangladesh,BGD,2021-04-22,4426.089,24.136999999999997,64.827,0.589,,,3.47,1.18,,83.33,166303494.0,27.5,3523.9840000000004,0.8,0.632
10468,Bangladesh,BGD,2021-04-23,4447.91,21.822,65.35600000000001,0.529,,,,,,83.33,166303494.0,27.5,3523.9840000000004,0.8,0.632
10469,Bangladesh,BGD,2021-04-24,4464.127,16.217,65.85600000000001,0.499,,,3.49,1.3,,83.33,166303494.0,27.5,3523.9840000000004,0.8,0.632
10470,Bangladesh,BGD,2021-04-25,4481.698,17.57,66.46300000000001,0.607,,,3.5,1.4,,83.33,166303494.0,27.5,3523.9840000000004,0.8,0.632
10471,Bangladesh,BGD,2021-04-26,4501.577,19.879,67.046,0.583,,,3.5,1.48,,88.89,166303494.0,27.5,3523.9840000000004,0.8,0.632
10472,Bangladesh,BGD,2021-04-27,4519.803,18.226,67.515,0.469,,,3.5,1.55,,83.33,166303494.0,27.5,3523.9840000000004,0.8,0.632
10473,Bangladesh,BGD,2021-04-28,4537.572,17.769000000000002,67.97800000000001,0.46299999999999997,,,3.5,1.62,,83.33,166303494.0,27.5,3523.9840000000004,0.8,0.632
10474,Bangladesh,BGD,2021-04-29,4551.648,14.077,68.507,0.529,,,3.5,1.69,,83.33,166303494.0,27.5,3523.9840000000004,0.8,0.632
10475,Bangladesh,BGD,2021-04-30,4564.7390000000005,13.091,68.85,0.34299999999999997,,,,,,83.33,166303494.0,27.5,3523.9840000000004,0.8,0.632
10476,Bangladesh,BGD,2021-05-01,4573.47,8.731,69.211,0.361,,,,,,83.33,166303494.0,27.5,3523.9840000000004,0.8,0.632
10477,Bangladesh,BGD,2021-05-02,4581.642,8.172,69.626,0.415,,,3.5,1.77,,83.33,166303494.0,27.5,3523.9840000000004,0.8,0.632
10478,Bangladesh,BGD,2021-05-03,4592.098,10.457,70.017,0.391,,,3.5,1.82,,83.33,166303494.0,27.5,3523.9840000000004,0.8,0.632
10479,Bangladesh,BGD,2021-05-04,4603.607,11.509,70.383,0.36700000000000005,,,3.5,1.87,,83.33,166303494.0,27.5,3523.9840000000004,0.8,0.632
10480,Bangladesh,BGD,2021-05-05,4614.082,10.475,70.684,0.301,,,3.5,1.93,,83.33,166303494.0,27.5,3523.9840000000004,0.8,0.632
10481,Bangladesh,BGD,2021-05-06,4625.038,10.956,70.931,0.247,,,3.5,1.99,,83.33,166303494.0,27.5,3523.9840000000004,0.8,0.632
10482,Bangladesh,BGD,2021-05-07,4635.152,10.113999999999999,71.153,0.222,,,,,,83.33,166303494.0,27.5,3523.9840000000004,0.8,0.632
10483,Bangladesh,BGD,2021-05-08,4642.879,7.727,71.42399999999999,0.271,,,3.5,2.05,,83.33,166303494.0,27.5,3523.9840000000004,0.8,0.632
10484,Bangladesh,BGD,2021-05-09,4651.213,8.334,71.76,0.337,,,3.5,2.1,,83.33,166303494.0,27.5,3523.9840000000004,0.8,0.632
10485,Bangladesh,BGD,2021-05-10,4660.317,9.104,71.98899999999999,0.228,,,,,,83.33,166303494.0,27.5,3523.9840000000004,0.8,0.632
10486,Bangladesh,BGD,2021-05-11,4667.713,7.396,72.187,0.198,,,3.5,2.16,,83.33,166303494.0,27.5,3523.9840000000004,0.8,0.632
10487,Bangladesh,BGD,2021-05-12,4674.568,6.855,72.428,0.24100000000000002,,,3.5,2.2,,83.33,166303494.0,27.5,3523.9840000000004,0.8,0.632
10488,Bangladesh,BGD,2021-05-13,4682.325,7.757000000000001,72.61399999999999,0.18600000000000003,,,,,,83.33,166303494.0,27.5,3523.9840000000004,0.8,0.632
10489,Bangladesh,BGD,2021-05-14,4687.424,5.099,72.771,0.156,,,,,,83.33,166303494.0,27.5,3523.9840000000004,0.8,0.632
10490,Bangladesh,BGD,2021-05-15,4688.9929999999995,1.569,72.903,0.132,,,,,,83.33,166303494.0,27.5,3523.9840000000004,0.8,0.632
10491,Bangladesh,BGD,2021-05-16,4691.1759999999995,2.1830000000000003,73.053,0.15,,,3.5,2.22,,83.33,166303494.0,27.5,3523.9840000000004,0.8,0.632
10492,Bangladesh,BGD,2021-05-17,4695.373,4.197,73.24600000000001,0.192,,,3.5,2.26,,83.33,166303494.0,27.5,3523.9840000000004,0.8,0.632
10493,Bangladesh,BGD,2021-05-18,4703.022,7.649,73.426,0.18,,,3.5,2.29,,83.33,166303494.0,27.5,3523.9840000000004,0.8,0.632
10494,Bangladesh,BGD,2021-05-19,4712.691,9.669,73.648,0.222,,,3.5,2.3,,83.33,166303494.0,27.5,3523.9840000000004,0.8,0.632
10495,Bangladesh,BGD,2021-05-20,4721.452,8.761000000000001,73.865,0.21600000000000003,,,3.5,2.36,,83.33,166303494.0,27.5,3523.9840000000004,0.8,0.632
10496,Bangladesh,BGD,2021-05-21,4730.496,9.044,74.021,0.156,,,,,,83.33,166303494.0,27.5,3523.9840000000004,0.8,0.632
10497,Bangladesh,BGD,2021-05-22,4736.677,6.181,74.25,0.228,,,3.5,2.39,,83.33,166303494.0,27.5,3523.9840000000004,0.8,0.632
10498,Bangladesh,BGD,2021-05-23,4744.819,8.142000000000001,74.418,0.168,,,,,,83.33,166303494.0,27.5,3523.9840000000004,0.8,0.632
10499,Bangladesh,BGD,2021-05-24,4753.484,8.665,74.568,0.15,,,3.5,2.43,,66.67,166303494.0,27.5,3523.9840000000004,0.8,0.632
10500,Bangladesh,BGD,2021-05-25,4763.556,10.072000000000001,74.809,0.24100000000000002,,,3.5,2.45,,66.67,166303494.0,27.5,3523.9840000000004,0.8,0.632
10501,Bangladesh,BGD,2021-05-26,4772.558,9.002,74.911,0.102,,,,,,66.67,166303494.0,27.5,3523.9840000000004,0.8,0.632
10502,Bangladesh,BGD,2021-05-27,4780.327,7.769,75.044,0.132,,,3.5,2.47,,66.67,166303494.0,27.5,3523.9840000000004,0.8,0.632
10503,Bangladesh,BGD,2021-05-28,4788.492,8.166,75.23,0.18600000000000003,,,,,,66.67,166303494.0,27.5,3523.9840000000004,0.8,0.632
10504,Bangladesh,BGD,2021-05-29,4794.764,6.272,75.458,0.228,,,3.5,2.49,,66.67,166303494.0,27.5,3523.9840000000004,0.8,0.632
10505,Bangladesh,BGD,2021-05-30,4803.447,8.683,75.663,0.204,,,3.5,2.5,,66.67,166303494.0,27.5,3523.9840000000004,0.8,0.632
10506,Bangladesh,BGD,2021-05-31,4813.729,10.282,75.87899999999999,0.21600000000000003,,,3.5,2.51,,72.22,166303494.0,27.5,3523.9840000000004,0.8,0.632
10507,Bangladesh,BGD,2021-06-01,4824.342000000001,10.613,76.126,0.247,,,3.5,2.51,,72.22,166303494.0,27.5,3523.9840000000004,0.8,0.632
10508,Bangladesh,BGD,2021-06-02,4836.295999999999,11.954,76.33,0.204,,,,,,72.22,166303494.0,27.5,3523.9840000000004,0.8,0.632
10509,Bangladesh,BGD,2021-06-03,4846.441,10.144,76.51100000000001,0.18,,,3.5,2.52,,72.22,166303494.0,27.5,3523.9840000000004,0.8,0.632
10510,Bangladesh,BGD,2021-06-04,4857.787,11.347000000000001,76.715,0.204,,,,,,72.22,166303494.0,27.5,3523.9840000000004,0.8,0.632
10511,Bangladesh,BGD,2021-06-05,4866.488,8.701,76.97399999999999,0.259,,,3.5,2.52,,72.22,166303494.0,27.5,3523.9840000000004,0.8,0.632
10512,Bangladesh,BGD,2021-06-06,4876.566,10.078,77.202,0.228,,,3.5,2.53,,72.22,166303494.0,27.5,3523.9840000000004,0.8,0.632
10513,Bangladesh,BGD,2021-06-07,4888.412,11.845999999999998,77.383,0.18,,,3.5,2.54,,72.22,166303494.0,27.5,3523.9840000000004,0.8,0.632
10514,Bangladesh,BGD,2021-06-08,4902.374,13.962,77.64699999999999,0.265,,,3.5,2.54,,72.22,166303494.0,27.5,3523.9840000000004,0.8,0.632
10515,Bangladesh,BGD,2021-06-09,4917.63,15.255,77.86399999999999,0.21600000000000003,,,,,,72.22,166303494.0,27.5,3523.9840000000004,0.8,0.632
10516,Bangladesh,BGD,2021-06-10,4933.119000000001,15.49,78.104,0.24100000000000002,,,3.5,2.55,,72.22,166303494.0,27.5,3523.9840000000004,0.8,0.632
10517,Bangladesh,BGD,2021-06-11,4947.876,14.755999999999998,78.363,0.259,,,,,,72.22,166303494.0,27.5,3523.9840000000004,0.8,0.632
10518,Bangladesh,BGD,2021-06-12,4957.719,9.843,78.597,0.235,,,3.5,2.55,,72.22,166303494.0,27.5,3523.9840000000004,0.8,0.632
10519,Bangladesh,BGD,2021-06-13,4972.367,14.648,78.88,0.28300000000000003,,,,,,72.22,166303494.0,27.5,3523.9840000000004,0.8,0.632
10520,Bangladesh,BGD,2021-06-14,4990.707,18.34,79.205,0.325,,,3.5,2.55,,72.22,166303494.0,27.5,3523.9840000000004,0.8,0.632
10521,Bangladesh,BGD,2021-06-15,5010.664000000001,19.957,79.505,0.301,,,,,,72.22,166303494.0,27.5,3523.9840000000004,0.8,0.632
10522,Bangladesh,BGD,2021-06-16,5034.452,23.788,79.866,0.361,,,3.5,2.56,,72.22,166303494.0,27.5,3523.9840000000004,0.8,0.632
10523,Bangladesh,BGD,2021-06-17,5057.543,23.09,80.245,0.379,,,3.5,2.56,,86.11,166303494.0,27.5,3523.9840000000004,0.8,0.632
10524,Bangladesh,BGD,2021-06-18,5080.891,23.349,80.57,0.325,,,,,,86.11,166303494.0,27.5,3523.9840000000004,0.8,0.632
10525,Bangladesh,BGD,2021-06-19,5099.274,18.382,80.972,0.40299999999999997,,,3.5,2.56,,86.11,166303494.0,27.5,3523.9840000000004,0.8,0.632
10526,Bangladesh,BGD,2021-06-20,5121.167,21.894000000000002,81.46600000000001,0.493,,,3.5,2.56,,86.11,166303494.0,27.5,3523.9840000000004,0.8,0.632
10527,Bangladesh,BGD,2021-06-21,5149.044,27.877,81.935,0.469,,,3.5,2.57,,86.11,166303494.0,27.5,3523.9840000000004,0.8,0.632
10528,Bangladesh,BGD,2021-06-22,5178.183,29.139,82.39200000000001,0.457,,,3.5,2.57,,86.11,166303494.0,27.5,3523.9840000000004,0.8,0.632
10529,Bangladesh,BGD,2021-06-23,5212.62,34.437,82.90299999999999,0.511,,,3.5,2.57,,86.11,166303494.0,27.5,3523.9840000000004,0.8,0.632
10530,Bangladesh,BGD,2021-06-24,5249.048000000001,36.427,83.39,0.48700000000000004,,,3.5,2.57,,86.11,166303494.0,27.5,3523.9840000000004,0.8,0.632
10531,Bangladesh,BGD,2021-06-25,5284.339,35.291,84.039,0.649,,,,,,86.11,166303494.0,27.5,3523.9840000000004,0.8,0.632
10532,Bangladesh,BGD,2021-06-26,5310.4,26.061,84.50200000000001,0.46299999999999997,,,3.5,2.57,,86.11,166303494.0,27.5,3523.9840000000004,0.8,0.632
10533,Bangladesh,BGD,2021-06-27,5342.076999999999,31.677,85.21799999999999,0.716,,,,,,86.11,166303494.0,27.5,3523.9840000000004,0.8,0.632
10534,Bangladesh,BGD,2021-06-28,5392.37,50.294,85.84299999999999,0.625,,,3.5,2.57,,86.11,166303494.0,27.5,3523.9840000000004,0.8,0.632
10535,Bangladesh,BGD,2021-06-29,5438.467,46.096000000000004,86.51700000000001,0.6729999999999999,,,3.5,2.57,,86.11,166303494.0,27.5,3523.9840000000004,0.8,0.632
10536,Bangladesh,BGD,2021-06-30,5491.514,53.048,87.208,0.6920000000000001,,,3.5,2.57,,86.11,166303494.0,27.5,3523.9840000000004,0.8,0.632
10537,Bangladesh,BGD,2021-07-01,5541.429,49.915,88.068,0.86,,,,,,86.11,166303494.0,27.5,3523.9840000000004,0.8,0.632
10538,Bangladesh,BGD,2021-07-02,5592.438,51.00899999999999,88.86200000000001,0.794,,,,,,86.11,166303494.0,27.5,3523.9840000000004,0.8,0.632
10539,Bangladesh,BGD,2021-07-03,5629.804,37.365,89.667,0.8059999999999999,,,3.5,2.57,,86.11,166303494.0,27.5,3523.9840000000004,0.8,0.632
10540,Bangladesh,BGD,2021-07-04,5681.883000000001,52.07899999999999,90.587,0.92,,,,,,86.11,166303494.0,27.5,3523.9840000000004,0.8,0.632
10541,Bangladesh,BGD,2021-07-05,5741.798000000001,59.915,91.574,0.986,,,3.5,2.58,,86.11,166303494.0,27.5,3523.9840000000004,0.8,0.632
10542,Bangladesh,BGD,2021-07-06,5811.099,69.301,92.554,0.98,,,,,,86.11,166303494.0,27.5,3523.9840000000004,0.8,0.632
10543,Bangladesh,BGD,2021-07-07,5878.217,67.118,93.762,1.209,,,,,,86.11,166303494.0,27.5,3523.9840000000004,0.8,0.632
10544,Bangladesh,BGD,2021-07-08,5948.276,70.059,94.959,1.197,,,3.5,2.58,,86.11,166303494.0,27.5,3523.9840000000004,0.8,0.632
10545,Bangladesh,BGD,2021-07-09,6016.368,68.092,96.234,1.275,,,,,,86.11,166303494.0,27.5,3523.9840000000004,0.8,0.632
10546,Bangladesh,BGD,2021-07-10,6069.115,52.747,97.346,1.112,,,,,,86.11,166303494.0,27.5,3523.9840000000004,0.8,0.632
10547,Bangladesh,BGD,2021-07-11,6140.514,71.4,98.729,1.383,,,,,,86.11,166303494.0,27.5,3523.9840000000004,0.8,0.632
10548,Bangladesh,BGD,2021-07-12,6223.303000000001,82.788,100.052,1.3230000000000002,,,,,,86.11,166303494.0,27.5,3523.9840000000004,0.8,0.632
10549,Bangladesh,BGD,2021-07-13,6296.651,73.348,101.273,1.2209999999999999,,,3.5,2.58,,86.11,166303494.0,27.5,3523.9840000000004,0.8,0.632
10550,Bangladesh,BGD,2021-07-14,6371.111,74.46,102.535,1.263,,,,,,86.11,166303494.0,27.5,3523.9840000000004,0.8,0.632
10551,Bangladesh,BGD,2021-07-15,6444.687,73.57600000000001,103.89399999999999,1.359,,,,,,35.19,166303494.0,27.5,3523.9840000000004,0.8,0.632
10552,Bangladesh,BGD,2021-07-16,6517.734,73.047,105.01899999999999,1.124,,,,,,35.19,166303494.0,27.5,3523.9840000000004,0.8,0.632
10553,Bangladesh,BGD,2021-07-17,6568.78,51.045,106.24600000000001,1.227,,,,,,35.19,166303494.0,27.5,3523.9840000000004,0.8,0.632
10554,Bangladesh,BGD,2021-07-18,6638.399,69.62,107.598,1.3530000000000002,,,,,,35.19,166303494.0,27.5,3523.9840000000004,0.8,0.632
10555,Bangladesh,BGD,2021-07-19,6718.5,80.101,108.98700000000001,1.389,,,,,,35.19,166303494.0,27.5,3523.9840000000004,0.8,0.632
10556,Bangladesh,BGD,2021-07-20,6788.126,69.626,110.19,1.203,,,,,,35.19,166303494.0,27.5,3523.9840000000004,0.8,0.632
10557,Bangladesh,BGD,2021-07-21,6833.909000000001,45.784,111.23,1.04,,,3.5,2.58,,35.19,166303494.0,27.5,3523.9840000000004,0.8,0.632
10558,Bangladesh,BGD,2021-07-22,6856.14,22.23,112.355,1.124,,,3.63,2.58,,35.19,166303494.0,27.5,3523.9840000000004,0.8,0.632
10559,Bangladesh,BGD,2021-07-23,6894.406999999999,38.266999999999996,113.353,0.998,,,,,,90.74,166303494.0,27.5,3523.9840000000004,0.8,0.632
10560,Bangladesh,BGD,2021-07-24,6935.1759999999995,40.769,114.52600000000001,1.173,,,3.63,2.58,,90.74,166303494.0,27.5,3523.9840000000004,0.8,0.632
10561,Bangladesh,BGD,2021-07-25,7003.07,67.89399999999999,115.897,1.371,,,3.65,2.58,,90.74,166303494.0,27.5,3523.9840000000004,0.8,0.632
10562,Bangladesh,BGD,2021-07-26,7094.420999999999,91.351,117.382,1.485,,,3.68,2.58,,90.74,166303494.0,27.5,3523.9840000000004,0.8,0.632
10563,Bangladesh,BGD,2021-07-27,7184.1669999999995,89.74600000000001,118.93299999999999,1.551,,,3.72,2.58,,90.74,166303494.0,27.5,3523.9840000000004,0.8,0.632
10564,Bangladesh,BGD,2021-07-28,7281.759,97.59299999999999,120.35799999999999,1.425,,,3.98,2.58,,90.74,166303494.0,27.5,3523.9840000000004,0.8,0.632
10565,Bangladesh,BGD,2021-07-29,7373.585,91.82600000000001,121.795,1.4369999999999998,,,4.14,2.59,,93.52,166303494.0,27.5,3523.9840000000004,0.8,0.632
10566,Bangladesh,BGD,2021-07-30,7456.939,83.354,123.07,1.275,,,4.47,2.59,,93.52,166303494.0,27.5,3523.9840000000004,0.8,0.632
10567,Bangladesh,BGD,2021-07-31,7513.276,56.336999999999996,124.381,1.311,,,5.12,2.6,,93.52,166303494.0,27.5,3523.9840000000004,0.8,0.632
10568,Bangladesh,BGD,2021-08-01,7602.534000000001,89.258,125.77,1.389,,,5.29,2.61,,93.52,166303494.0,27.5,3523.9840000000004,0.8,0.632
10569,Bangladesh,BGD,2021-08-02,7698.678000000001,96.14399999999999,127.249,1.479,,,5.48,2.62,,93.52,166303494.0,27.5,3523.9840000000004,0.8,0.632
10570,Bangladesh,BGD,2021-08-03,7793.54,94.863,128.662,1.413,,,5.84,2.64,,93.52,166303494.0,27.5,3523.9840000000004,0.8,0.632
10571,Bangladesh,BGD,2021-08-04,7876.6230000000005,83.083,130.112,1.449,,,,,,93.52,166303494.0,27.5,3523.9840000000004,0.8,0.632
10572,Bangladesh,BGD,2021-08-05,7953.254,76.631,131.69899999999998,1.587,,,6.05,2.68,,93.52,166303494.0,27.5,3523.9840000000004,0.8,0.632
10573,Bangladesh,BGD,2021-08-06,8029.056,75.801,133.19,1.4909999999999999,,,,,,79.63,166303494.0,27.5,3523.9840000000004,0.8,0.632
10574,Bangladesh,BGD,2021-08-07,8077.978,48.923,134.76,1.569,,,6.15,2.68,,79.63,166303494.0,27.5,3523.9840000000004,0.8,0.632
10575,Bangladesh,BGD,2021-08-08,8139.906999999999,61.928999999999995,136.209,1.449,,,7.91,2.72,,79.63,166303494.0,27.5,3523.9840000000004,0.8,0.632
10576,Bangladesh,BGD,2021-08-09,8208.835,68.928,137.68200000000002,1.473,,,8.46,2.77,,79.63,166303494.0,27.5,3523.9840000000004,0.8,0.632
10577,Bangladesh,BGD,2021-08-10,8275.966,67.13,139.269,1.587,,,8.75,2.85,,79.63,166303494.0,27.5,3523.9840000000004,0.8,0.632
10578,Bangladesh,BGD,2021-08-11,8338.622,62.657,140.695,1.425,,,8.94,2.95,,57.41,166303494.0,27.5,3523.9840000000004,0.8,0.632
10579,Bangladesh,BGD,2021-08-12,8399.511,60.888999999999996,141.987,1.2930000000000001,,,9.1,3.05,,57.41,166303494.0,27.5,3523.9840000000004,0.8,0.632
10580,Bangladesh,BGD,2021-08-13,8450.412,50.901,143.172,1.185,,,9.15,3.1,,57.41,166303494.0,27.5,3523.9840000000004,0.8,0.632
10581,Bangladesh,BGD,2021-08-14,8491.812,41.4,144.24200000000002,1.07,,,9.27,3.14,,57.41,166303494.0,27.5,3523.9840000000004,0.8,0.632
10582,Bangladesh,BGD,2021-08-15,8532.004,40.192,145.36700000000002,1.124,,,9.36,3.22,,57.41,166303494.0,27.5,3523.9840000000004,0.8,0.632
10583,Bangladesh,BGD,2021-08-16,8573.849,41.845,146.41299999999998,1.046,,,9.36,3.26,,60.19,166303494.0,27.5,3523.9840000000004,0.8,0.632
10584,Bangladesh,BGD,2021-08-17,8619.157,45.309,147.60399999999998,1.1909999999999998,,,9.47,3.42,,60.19,166303494.0,27.5,3523.9840000000004,0.8,0.632
10585,Bangladesh,BGD,2021-08-18,8662.74,43.583,148.638,1.034,,,9.56,3.53,,60.19,166303494.0,27.5,3523.9840000000004,0.8,0.632
10586,Bangladesh,BGD,2021-08-19,8702.222,39.482,149.594,0.956,,,9.67,3.66,,60.19,166303494.0,27.5,3523.9840000000004,0.8,0.632
10587,Bangladesh,BGD,2021-08-20,8738.259,36.037,150.466,0.872,,,,,,60.19,166303494.0,27.5,3523.9840000000004,0.8,0.632
10588,Bangladesh,BGD,2021-08-21,8762.257,23.998,151.187,0.722,,,9.78,3.7,,60.19,166303494.0,27.5,3523.9840000000004,0.8,0.632
10589,Bangladesh,BGD,2021-08-22,8791.144,28.886999999999997,152.023,0.836,,,9.92,3.8,,60.19,166303494.0,27.5,3523.9840000000004,0.8,0.632
10590,Bangladesh,BGD,2021-08-23,8825.521,34.376999999999995,152.727,0.7040000000000001,,,10.08,3.91,,60.19,166303494.0,27.5,3523.9840000000004,0.8,0.632
10591,Bangladesh,BGD,2021-08-24,8857.084,31.563000000000002,153.412,0.685,,,10.25,4.02,,60.19,166303494.0,27.5,3523.9840000000004,0.8,0.632
10592,Bangladesh,BGD,2021-08-25,8886.945,29.861,154.09799999999998,0.685,,,10.43,4.15,,60.19,166303494.0,27.5,3523.9840000000004,0.8,0.632
10593,Bangladesh,BGD,2021-08-26,8915.195,28.25,154.711,0.613,,,10.61,4.29,,60.19,166303494.0,27.5,3523.9840000000004,0.8,0.632
10594,Bangladesh,BGD,2021-08-27,8936.391,21.195999999999998,155.415,0.7040000000000001,,,,,,60.19,166303494.0,27.5,3523.9840000000004,0.8,0.632
10595,Bangladesh,BGD,2021-08-28,8957.052,20.660999999999998,155.89600000000002,0.48100000000000004,,,,,,60.19,166303494.0,27.5,3523.9840000000004,0.8,0.632
10596,Bangladesh,BGD,2021-08-29,8980.791,23.74,156.431,0.535,,,10.9,4.46,,60.19,166303494.0,27.5,3523.9840000000004,0.8,0.632
10597,Bangladesh,BGD,2021-08-30,9003.184000000001,22.393,156.996,0.565,,,,,,60.19,166303494.0,27.5,3523.9840000000004,0.8,0.632
10598,Bangladesh,BGD,2021-08-31,9023.37,20.186,157.513,0.517,,,11.17,4.75,,60.19,166303494.0,27.5,3523.9840000000004,0.8,0.632
10599,Bangladesh,BGD,2021-09-01,9041.782,18.412,157.988,0.475,,,,,,60.19,166303494.0,27.5,3523.9840000000004,0.8,0.632
10600,Bangladesh,BGD,2021-09-02,9062.443000000001,20.660999999999998,158.517,0.529,,,11.27,4.96,,60.19,166303494.0,27.5,3523.9840000000004,0.8,0.632
10601,Bangladesh,BGD,2021-09-03,9081.487,19.043,158.938,0.42100000000000004,,,,,,60.19,166303494.0,27.5,3523.9840000000004,0.8,0.632
10602,Bangladesh,BGD,2021-09-04,9091.968,10.481,159.305,0.36700000000000005,,,11.39,5.05,,60.19,166303494.0,27.5,3523.9840000000004,0.8,0.632
10603,Bangladesh,BGD,2021-09-05,9106.58,14.612,159.726,0.42100000000000004,,,11.52,5.15,,60.19,166303494.0,27.5,3523.9840000000004,0.8,0.632
10604,Bangladesh,BGD,2021-09-06,9122.875,16.296,160.11700000000002,0.391,,,11.63,5.25,,60.19,166303494.0,27.5,3523.9840000000004,0.8,0.632
10605,Bangladesh,BGD,2021-09-07,9138.744,15.869000000000002,160.454,0.337,,,11.79,5.39,,60.19,166303494.0,27.5,3523.9840000000004,0.8,0.632
10606,Bangladesh,BGD,2021-09-08,9153.758,15.015,160.766,0.313,,,11.93,7.07,,60.19,166303494.0,27.5,3523.9840000000004,0.8,0.632
10607,Bangladesh,BGD,2021-09-09,9169.32,15.562000000000001,161.115,0.349,,,12.11,7.58,,60.19,166303494.0,27.5,3523.9840000000004,0.8,0.632
10608,Bangladesh,BGD,2021-09-10,9183.301,13.98,161.344,0.228,,,,,,60.19,166303494.0,27.5,3523.9840000000004,0.8,0.632
10609,Bangladesh,BGD,2021-09-11,9191.28,7.979,161.632,0.289,,,12.29,7.98,,60.19,166303494.0,27.5,3523.9840000000004,0.8,0.632
10610,Bangladesh,BGD,2021-09-12,9202.530999999999,11.251,161.939,0.307,,,12.42,8.2,,52.78,166303494.0,27.5,3523.9840000000004,0.8,0.632
10611,Bangladesh,BGD,2021-09-13,9214.274,11.744000000000002,162.185,0.247,,,12.57,8.34,,52.78,166303494.0,27.5,3523.9840000000004,0.8,0.632
10612,Bangladesh,BGD,2021-09-14,9226.745,12.470999999999998,162.39600000000002,0.21,,,12.71,8.45,,52.78,166303494.0,27.5,3523.9840000000004,0.8,0.632
10613,Bangladesh,BGD,2021-09-15,9238.176,11.431,162.703,0.307,,,12.82,8.51,,52.78,166303494.0,27.5,3523.9840000000004,0.8,0.632
10614,Bangladesh,BGD,2021-09-16,9249.373,11.196,163.009,0.307,,,12.96,8.6,,52.78,166303494.0,27.5,3523.9840000000004,0.8,0.632
10615,Bangladesh,BGD,2021-09-17,9260.84,11.467,163.238,0.228,,,,,,52.78,166303494.0,27.5,3523.9840000000004,0.8,0.632
10616,Bangladesh,BGD,2021-09-18,9267.995,7.156000000000001,163.44799999999998,0.21,,,13.13,8.7,,52.78,166303494.0,27.5,3523.9840000000004,0.8,0.632
10617,Bangladesh,BGD,2021-09-19,9276.311,8.316,163.707,0.259,,,13.32,8.83,,52.78,166303494.0,27.5,3523.9840000000004,0.8,0.632
10618,Bangladesh,BGD,2021-09-20,9285.662,9.35,163.863,0.156,,,13.52,8.97,,52.78,166303494.0,27.5,3523.9840000000004,0.8,0.632
10619,Bangladesh,BGD,2021-09-21,9295.054,9.392000000000001,164.019,0.156,,,13.72,9.09,,52.78,166303494.0,27.5,3523.9840000000004,0.8,0.632
10620,Bangladesh,BGD,2021-09-22,9303.328000000001,8.274,164.236,0.21600000000000003,,,13.93,9.23,,52.78,166303494.0,27.5,3523.9840000000004,0.8,0.632
10621,Bangladesh,BGD,2021-09-23,9310.207,6.879,164.38,0.14400000000000002,,,14.14,9.39,,52.78,166303494.0,27.5,3523.9840000000004,0.8,0.632
10622,Bangladesh,BGD,2021-09-24,9317.621,7.414,164.567,0.18600000000000003,,,,,,52.78,166303494.0,27.5,3523.9840000000004,0.8,0.632
10623,Bangladesh,BGD,2021-09-25,9322.54,4.919,164.717,0.15,,,14.3,9.53,,52.78,166303494.0,27.5,3523.9840000000004,0.8,0.632
10624,Bangladesh,BGD,2021-09-26,9328.433,5.893,164.843,0.126,,,14.55,9.7,,52.78,166303494.0,27.5,3523.9840000000004,0.8,0.632
10625,Bangladesh,BGD,2021-09-27,9335.721,7.287999999999999,164.99400000000003,0.15,,,14.78,9.86,,52.78,166303494.0,27.5,3523.9840000000004,0.8,0.632
10626,Bangladesh,BGD,2021-09-28,9343.598,7.877000000000001,165.18,0.18600000000000003,,,14.96,9.98,,52.78,166303494.0,27.5,3523.9840000000004,0.8,0.632
10627,Bangladesh,BGD,2021-09-29,9350.681,7.082999999999999,165.282,0.102,,,18.94,10.06,,52.78,166303494.0,27.5,3523.9840000000004,0.8,0.632
10628,Bangladesh,BGD,2021-09-30,9355.853000000001,5.171,165.42,0.138,,,,,,52.78,166303494.0,27.5,3523.9840000000004,0.8,0.632
10629,Bangladesh,BGD,2021-10-01,9360.946,5.093,165.547,0.126,,,19.66,10.14,,49.07,166303494.0,27.5,3523.9840000000004,0.8,0.632
10630,Bangladesh,BGD,2021-10-02,9364.488000000001,3.542,165.69099999999997,0.14400000000000002,,,,,,49.07,166303494.0,27.5,3523.9840000000004,0.8,0.632
10631,Bangladesh,BGD,2021-10-03,9368.198,3.71,165.799,0.10800000000000001,,,20.24,10.3,,49.07,166303494.0,27.5,3523.9840000000004,0.8,0.632
10632,Bangladesh,BGD,2021-10-04,9372.972,4.774,165.908,0.10800000000000001,,,20.51,10.38,,49.07,166303494.0,27.5,3523.9840000000004,0.8,0.632
10633,Bangladesh,BGD,2021-10-05,9377.145,4.173,166.046,0.138,,,20.76,10.46,,49.07,166303494.0,27.5,3523.9840000000004,0.8,0.632
10634,Bangladesh,BGD,2021-10-06,9381.372,4.227,166.172,0.126,,,21.03,10.56,,49.07,166303494.0,27.5,3523.9840000000004,0.8,0.632
10635,Bangladesh,BGD,2021-10-07,9385.359,3.987,166.24400000000003,0.07200000000000001,,,21.27,10.65,,49.07,166303494.0,27.5,3523.9840000000004,0.8,0.632
10636,Bangladesh,BGD,2021-10-08,9389.237,3.878,166.28599999999997,0.042,,,,,,49.07,166303494.0,27.5,3523.9840000000004,0.8,0.632
10637,Bangladesh,BGD,2021-10-09,9391.733,2.495,166.407,0.12,,,21.35,10.68,,49.07,166303494.0,27.5,3523.9840000000004,0.8,0.632
10638,Bangladesh,BGD,2021-10-10,9394.625,2.892,166.49099999999999,0.084,,,21.74,10.84,,49.07,166303494.0,27.5,3523.9840000000004,0.8,0.632
10639,Bangladesh,BGD,2021-10-11,9398.226999999999,3.602,166.55700000000002,0.066,,,22.0,10.96,,49.07,166303494.0,27.5,3523.9840000000004,0.8,0.632
10640,Bangladesh,BGD,2021-10-12,9401.492,3.265,166.641,0.084,,,22.19,11.05,,49.07,166303494.0,27.5,3523.9840000000004,0.8,0.632
10641,Bangladesh,BGD,2021-10-13,9404.607,3.115,166.743,0.102,,,22.36,11.15,,49.07,166303494.0,27.5,3523.9840000000004,0.8,0.632
10642,Bangladesh,BGD,2021-10-14,9407.409,2.802,166.785,0.042,,,22.51,11.23,,49.07,166303494.0,27.5,3523.9840000000004,0.8,0.632
10643,Bangladesh,BGD,2021-10-15,9409.79,2.381,166.84,0.054000000000000006,,,,,,49.07,166303494.0,27.5,3523.9840000000004,0.8,0.632
10644,Bangladesh,BGD,2021-10-16,9411.552,1.7619999999999998,166.87599999999998,0.036000000000000004,,,22.52,11.23,,49.07,166303494.0,27.5,3523.9840000000004,0.8,0.632
10645,Bangladesh,BGD,2021-10-17,9413.44,1.8880000000000001,166.972,0.096,,,22.59,11.27,,49.07,166303494.0,27.5,3523.9840000000004,0.8,0.632
10646,Bangladesh,BGD,2021-10-18,9415.479,2.0380000000000003,167.032,0.06,,,22.96,11.48,,49.07,166303494.0,27.5,3523.9840000000004,0.8,0.632
10647,Bangladesh,BGD,2021-10-19,9418.299,2.82,167.074,0.042,,,23.18,11.62,,46.3,166303494.0,27.5,3523.9840000000004,0.8,0.632
10648,Bangladesh,BGD,2021-10-20,9420.511999999999,2.213,167.11,0.036000000000000004,,,,,,46.3,166303494.0,27.5,3523.9840000000004,0.8,0.632
10649,Bangladesh,BGD,2021-10-21,9421.973,1.4609999999999999,167.17,0.06,,,23.38,11.76,,46.3,166303494.0,27.5,3523.9840000000004,0.8,0.632
10650,Bangladesh,BGD,2021-10-22,9423.368,1.395,167.19400000000002,0.024,,,,,,46.3,166303494.0,27.5,3523.9840000000004,0.8,0.632
10651,Bangladesh,BGD,2021-10-23,9425.04,1.672,167.248,0.054000000000000006,,,23.99,12.19,,46.3,166303494.0,27.5,3523.9840000000004,0.8,0.632
10652,Bangladesh,BGD,2021-10-24,9426.693000000001,1.6540000000000001,167.303,0.054000000000000006,,,,,,46.3,166303494.0,27.5,3523.9840000000004,0.8,0.632
10653,Bangladesh,BGD,2021-10-25,9428.431,1.7380000000000002,167.333,0.03,,,24.22,12.38,,46.3,166303494.0,27.5,3523.9840000000004,0.8,0.632
10654,Bangladesh,BGD,2021-10-26,9430.091,1.66,167.36900000000003,0.036000000000000004,,,,,,23.15,166303494.0,27.5,3523.9840000000004,0.8,0.632
10655,Bangladesh,BGD,2021-10-27,9431.931,1.84,167.41099999999997,0.042,,,,,,23.15,166303494.0,27.5,3523.9840000000004,0.8,0.632
10656,Bangladesh,BGD,2021-10-28,9433.698,1.768,167.447,0.036000000000000004,,,,,,23.15,166303494.0,27.5,3523.9840000000004,0.8,0.632
10657,Bangladesh,BGD,2021-10-29,9435.532,1.834,167.489,0.042,,,,,,23.15,166303494.0,27.5,3523.9840000000004,0.8,0.632
10658,Bangladesh,BGD,2021-10-30,9436.530999999999,0.998,167.537,0.048,,,,,,23.15,166303494.0,27.5,3523.9840000000004,0.8,0.632
10659,Bangladesh,BGD,2021-10-31,9437.799,1.2690000000000001,167.57299999999998,0.036000000000000004,,,25.13,17.27,,23.15,166303494.0,27.5,3523.9840000000004,0.8,0.632
10660,Bangladesh,BGD,2021-11-01,9439.086,1.287,167.585,0.012,,,25.35,17.58,,23.15,166303494.0,27.5,3523.9840000000004,0.8,0.632
10661,Bangladesh,BGD,2021-11-02,9440.463,1.3769999999999998,167.60299999999998,0.018000000000000002,,,25.53,17.78,,23.15,166303494.0,27.5,3523.9840000000004,0.8,0.632
10662,Bangladesh,BGD,2021-11-03,9442.002,1.5390000000000001,167.645,0.042,,,25.75,17.98,,23.15,166303494.0,27.5,3523.9840000000004,0.8,0.632
10663,Bangladesh,BGD,2021-11-04,9443.488000000001,1.485,167.687,0.042,,,25.92,18.16,,23.15,166303494.0,27.5,3523.9840000000004,0.8,0.632
10664,Bangladesh,BGD,2021-11-05,9443.488000000001,0.0,167.687,0.0,,,,,,23.15,166303494.0,27.5,3523.9840000000004,0.8,0.632
10665,Bangladesh,BGD,2021-11-06,9445.591999999999,2.105,167.71099999999998,0.024,,,26.07,18.35,,23.15,166303494.0,27.5,3523.9840000000004,0.8,0.632
10666,Bangladesh,BGD,2021-11-07,9446.663,1.07,167.736,0.024,,,26.87,18.56,,23.15,166303494.0,27.5,3523.9840000000004,0.8,0.632
10667,Bangladesh,BGD,2021-11-08,9447.955,1.2930000000000001,167.77200000000002,0.036000000000000004,,,27.41,18.81,,23.15,166303494.0,27.5,3523.9840000000004,0.8,0.632
10668,Bangladesh,BGD,2021-11-09,9449.194,1.239,167.79,0.018000000000000002,,,28.1,19.02,,,166303494.0,27.5,3523.9840000000004,0.8,0.632
10669,Bangladesh,BGD,2021-11-10,9450.607,1.413,167.80200000000002,0.012,,,29.53,19.22,,,166303494.0,27.5,3523.9840000000004,0.8,0.632
10670,Bangladesh,BGD,2021-11-11,9452.032,1.425,167.808,0.006,,,30.26,19.4,,,166303494.0,27.5,3523.9840000000004,0.8,0.632
10671,Bangladesh,BGD,2021-11-12,9453.360999999999,1.329,167.838,0.03,,,,,,,166303494.0,27.5,3523.9840000000004,0.8,0.632
10672,Bangladesh,BGD,2021-11-13,9454.269,0.9079999999999999,167.87400000000002,0.036000000000000004,,,30.85,19.57,,,166303494.0,27.5,3523.9840000000004,0.8,0.632
10673,Bangladesh,BGD,2021-11-14,9455.61,1.341,167.898,0.024,,,30.97,19.73,,,166303494.0,27.5,3523.9840000000004,0.8,0.632
10674,Bangladesh,BGD,2021-11-15,9457.017,1.4069999999999998,167.922,0.024,,,31.14,19.93,,,166303494.0,27.5,3523.9840000000004,0.8,0.632
10675,Bangladesh,BGD,2021-11-16,9458.298,1.281,167.93400000000003,0.012,,,,,,,166303494.0,27.5,3523.9840000000004,0.8,0.632
10676,Bangladesh,BGD,2021-11-17,9459.896999999999,1.599,167.97,0.036000000000000004,,,31.58,20.29,,,166303494.0,27.5,3523.9840000000004,0.8,0.632
