,total_cases_per_million,people_vaccinated_per_hundred,icu_patients,stringency_index,aged_65_older,aged_70_older,median_age,population_density,cardiovasc_death_rate,diabetes_prevalence,total_deaths_per_million
0,-1.0074145045363108,-0.8460958456929679,-0.6793656450959891,1.7332096249547704,-1.5094172903661751,-1.4205756346486598,-1.628359290264058,-0.6836712553606289,1.7132114751490197,-0.4091342742966,64.729
1,-1.0012629426544877,-0.8395891445516198,-0.8342924600089614,1.7332096249547704,-1.5094172903661751,-1.4205756346486598,-1.628359290264058,-0.6836712553606289,1.7132114751490197,-0.4091342742966,66.209
2,-0.8926612075988594,-0.5525288000803851,-0.6896940994235206,-0.5355212083855835,-1.5094172903661751,-1.4205756346486598,-1.628359290264058,-0.6836712553606289,1.7132114751490197,-0.4091342742966,111.102
3,-0.8762890774963085,-0.3297699727707069,-0.8859347316466188,0.19066866094711696,-1.5094172903661751,-1.4205756346486598,-1.628359290264058,-0.6836712553606289,1.7132114751490197,-0.4091342742966,129.257
4,-0.8718271939712804,-0.3033604210793533,-0.8549493686640244,-1.443013541721725,-1.5094172903661751,-1.4205756346486598,-1.628359290264058,-0.6836712553606289,1.7132114751490197,-0.4091342742966,132.014
5,-0.8714878853749652,-0.3010639383235834,-0.8652778229915559,-1.443013541721725,-1.5094172903661751,-1.4205756346486598,-1.628359290264058,-0.6836712553606289,1.7132114751490197,-0.4091342742966,132.327
6,-0.8710908403809389,-0.3002984440716601,-0.9272485489567448,-1.443013541721725,-1.5094172903661751,-1.4205756346486598,-1.628359290264058,-0.6836712553606289,1.7132114751490197,-0.4091342742966,132.641
7,-0.6820803842450185,-0.7729911446342934,-0.8033070970263669,-0.21799689304982747,0.7211068717450886,0.6804821976937194,0.6499868189784265,-0.6714793031629305,-0.47401193611288434,-0.6081436035873432,118.053
8,-0.6782361330763973,-0.7703119147525619,-0.8033070970263669,-0.21799689304982747,0.7211068717450886,0.6804821976937194,0.6499868189784265,-0.6714793031629305,-0.47401193611288434,-0.6081436035873432,118.053
9,-0.6727569366753503,-0.7649534549890988,-0.8136355513538984,-0.21799689304982747,0.7211068717450886,0.6804821976937194,0.6499868189784265,-0.6714793031629305,-0.47401193611288434,-0.6081436035873432,118.954
10,-0.6680841498121864,-0.7580640067217892,-0.7929786426988354,-0.21799689304982747,0.7211068717450886,0.6804821976937194,0.6499868189784265,-0.6714793031629305,-0.47401193611288434,-0.6081436035873432,119.675
11,-0.6640741669881396,-0.7511745584544796,-0.8136355513538984,-0.21799689304982747,0.7211068717450886,0.6804821976937194,0.6499868189784265,-0.6714793031629305,-0.47401193611288434,-0.6081436035873432,120.93700000000001
12,-0.65214369428403,-0.7458160986910165,-0.8446209143364929,-0.21799689304982747,0.7211068717450886,0.6804821976937194,0.6499868189784265,-0.6714793031629305,-0.47401193611288434,-0.6081436035873432,122.01799999999999
13,-0.6488076092230767,-0.745433351565055,-0.8446209143364929,-0.21799689304982747,0.7211068717450886,0.6804821976937194,0.6499868189784265,-0.6714793031629305,-0.47401193611288434,-0.6081436035873432,123.28
14,-0.6458802145017603,-0.7427541216833234,-0.782650188371304,-0.21799689304982747,0.7211068717450886,0.6804821976937194,0.6499868189784265,-0.6714793031629305,-0.47401193611288434,-0.6081436035873432,123.46
15,-0.6409754400957761,-0.7358646734160138,-0.782650188371304,-0.21799689304982747,0.7211068717450886,0.6804821976937194,0.6499868189784265,-0.6714793031629305,-0.47401193611288434,-0.6081436035873432,124.001
16,-0.6365457344994087,-0.732419949282359,-0.8136355513538984,-0.21799689304982747,0.7211068717450886,0.6804821976937194,0.6499868189784265,-0.6714793031629305,-0.47401193611288434,-0.6081436035873432,124.001
17,-0.6246704852500101,-0.7282097308967809,-0.8549493686640244,-0.21799689304982747,0.7211068717450886,0.6804821976937194,0.6499868189784265,-0.6714793031629305,-0.47401193611288434,-0.6081436035873432,124.001
18,-0.619832028022713,-0.7262959952669726,-0.8652778229915559,-0.21799689304982747,0.7211068717450886,0.6804821976937194,0.6499868189784265,-0.6714793031629305,-0.47401193611288434,-0.6081436035873432,126.704
19,-0.6154132935677367,-0.7232340182592794,-0.8549493686640244,-0.21799689304982747,0.7211068717450886,0.6804821976937194,0.6499868189784265,-0.6714793031629305,-0.47401193611288434,-0.6081436035873432,126.704
20,-0.6114585954896935,-0.7167273171179315,-0.8549493686640244,-0.21799689304982747,0.7211068717450886,0.6804821976937194,0.6499868189784265,-0.6714793031629305,-0.47401193611288434,-0.6081436035873432,127.605
21,-0.6069625727146387,-0.7098378688506218,-0.8342924600089614,-0.21799689304982747,0.7211068717450886,0.6804821976937194,0.6499868189784265,-0.6714793031629305,-0.47401193611288434,-0.6081436035873432,127.96600000000001
22,-0.5949215918098145,-0.701034684953504,-0.8033070970263669,-0.21799689304982747,0.7211068717450886,0.6804821976937194,0.6499868189784265,-0.6714793031629305,-0.47401193611288434,-0.6081436035873432,129.047
23,-0.5906685890102638,-0.6968244665679258,-0.741336371061178,-0.21799689304982747,0.7211068717450886,0.6804821976937194,0.6499868189784265,-0.6714793031629305,-0.47401193611288434,-0.6081436035873432,129.768
24,-0.5846149706141544,-0.6876385355448462,-0.7103510080785835,-0.21799689304982747,0.7211068717450886,0.6804821976937194,0.6499868189784265,-0.6714793031629305,-0.47401193611288434,-0.6081436035873432,130.309
25,-0.5778322922915331,-0.6776871102698435,-0.741336371061178,-0.21799689304982747,0.7211068717450886,0.6804821976937194,0.6499868189784265,-0.6714793031629305,-0.47401193611288434,-0.6081436035873432,130.66899999999998
26,-0.5729275178855489,-0.6654392022390708,-0.7723217340437725,-0.21799689304982747,0.7211068717450886,0.6804821976937194,0.6499868189784265,-0.6714793031629305,-0.47401193611288434,-0.6081436035873432,130.66899999999998
27,-0.5456531378050056,-0.6374986620438706,-0.6587087364409261,-0.21799689304982747,0.7211068717450886,0.6804821976937194,0.6499868189784265,-0.6714793031629305,-0.47401193611288434,-0.6081436035873432,132.832
28,-0.539411722888103,-0.6256335011390597,-0.6483802821133946,-0.21799689304982747,0.7211068717450886,0.6804821976937194,0.6499868189784265,-0.6714793031629305,-0.47401193611288434,-0.6081436035873432,133.373
29,-0.5314580744186967,-0.6064961448409772,-0.6277233734583316,-0.21799689304982747,0.7211068717450886,0.6804821976937194,0.6499868189784265,-0.6714793031629305,-0.47401193611288434,-0.6081436035873432,133.733
30,-0.5131536750228956,-0.5808520874015469,-0.6173949191308001,-0.21799689304982747,0.7211068717450886,0.6804821976937194,0.6499868189784265,-0.6714793031629305,-0.47401193611288434,-0.6081436035873432,135.175
31,-0.49793124698856744,-0.5670731908669276,-0.6380518277858631,-0.21799689304982747,0.7211068717450886,0.6804821976937194,0.6499868189784265,-0.6714793031629305,-0.47401193611288434,-0.6081436035873432,136.797
32,-0.48955781445554775,-0.5525288000803851,-0.6173949191308001,-0.21799689304982747,0.7211068717450886,0.6804821976937194,0.6499868189784265,-0.6714793031629305,-0.47401193611288434,-0.6081436035873432,137.69799999999998
33,-0.48178093007425077,-0.5364534207899959,-0.6277233734583316,-0.21799689304982747,0.7211068717450886,0.6804821976937194,0.6499868189784265,-0.6714793031629305,-0.47401193611288434,-0.6081436035873432,138.239
34,-0.4639072858834538,-0.5138713403582589,-0.6380518277858631,-0.21799689304982747,0.7211068717450886,0.6804821976937194,0.6499868189784265,-0.6714793031629305,-0.47401193611288434,-0.6081436035873432,139.501
35,-0.45741181855836377,-0.5077473863428725,-0.6070664648032686,-0.21799689304982747,0.7211068717450886,0.6804821976937194,0.6499868189784265,-0.6714793031629305,-0.47401193611288434,-0.6081436035873432,139.861
36,-0.448806398482524,-0.49052376567459843,-0.5760811018206742,-0.21799689304982747,0.7211068717450886,0.6804821976937194,0.6499868189784265,-0.6714793031629305,-0.47401193611288434,-0.6081436035873432,139.861
37,-0.4408527500131175,-0.4736828921322859,-0.5967380104757372,-0.21799689304982747,0.7211068717450886,0.6804821976937194,0.6499868189784265,-0.6714793031629305,-0.47401193611288434,-0.6081436035873432,139.861
38,-0.43305373947516057,-0.45607652433805024,-0.5347672845105482,-0.21799689304982747,0.7211068717450886,0.6804821976937194,0.6499868189784265,-0.6714793031629305,-0.47401193611288434,-0.6081436035873432,141.66299999999998
39,-0.4107503896879961,-0.43387719103227473,-0.5037819215279538,-0.21799689304982747,0.7211068717450886,0.6804821976937194,0.6499868189784265,-0.6714793031629305,-0.47401193611288434,-0.6081436035873432,144.187
40,-0.40503920574412905,-0.4246912600091952,-0.5141103758554852,-0.21799689304982747,0.7211068717450886,0.6804821976937194,0.6499868189784265,-0.6714793031629305,-0.47401193611288434,-0.6081436035873432,144.36700000000002
41,-0.3957378843311209,-0.4070848922149594,-0.4418111955627649,-0.21799689304982747,0.7211068717450886,0.6804821976937194,0.6499868189784265,-0.6714793031629305,-0.47401193611288434,-0.6081436035873432,144.908
42,-0.38685628569043345,-0.38258907615341414,-0.5037819215279538,-0.21799689304982747,0.7211068717450886,0.6804821976937194,0.6499868189784265,-0.6714793031629305,-0.47401193611288434,-0.6081436035873432,145.088
43,-0.3783502800913318,-0.3623034784774468,-0.45213964989029637,-0.21799689304982747,0.7211068717450886,0.6804821976937194,0.6499868189784265,-0.6714793031629305,-0.47401193611288434,-0.6081436035873432,145.088
44,-0.3583999030304214,-0.33972139804570967,-0.45213964989029637,-0.21799689304982747,0.7211068717450886,0.6804821976937194,0.6499868189784265,-0.6714793031629305,-0.47401193611288434,-0.6081436035873432,145.629
45,-0.3513299524189762,-0.3335974440303233,-0.35918356094251297,-0.21799689304982747,0.7211068717450886,0.6804821976937194,0.6499868189784265,-0.6714793031629305,-0.47401193611288434,-0.6081436035873432,145.629
46,-0.3424594475022651,-0.322115030251474,-0.37984046959757595,-0.21799689304982747,0.7211068717450886,0.6804821976937194,0.6499868189784265,-0.6714793031629305,-0.47401193611288434,-0.6081436035873432,145.809
47,-0.3344394818541714,-0.30527415670916147,-0.4108258325801704,-0.21799689304982747,0.7211068717450886,0.6804821976937194,0.6499868189784265,-0.6714793031629305,-0.47401193611288434,-0.6081436035873432,146.89
48,-0.3287835826563079,-0.28728504178896414,-0.4108258325801704,-0.21799689304982747,0.7211068717450886,0.6804821976937194,0.6499868189784265,-0.6714793031629305,-0.47401193611288434,-0.6081436035873432,147.251
49,-0.3103244840377647,-0.2639374671053037,-0.46246810421782786,-0.21799689304982747,0.7211068717450886,0.6804821976937194,0.6499868189784265,-0.6714793031629305,-0.47401193611288434,-0.6081436035873432,148.15200000000002
50,-0.30568485576394433,-0.2509240648226077,-0.5037819215279538,-0.21799689304982747,0.7211068717450886,0.6804821976937194,0.6499868189784265,-0.6714793031629305,-0.47401193611288434,-0.6081436035873432,148.873
51,-0.2989794657614014,-0.23025572002067882,-0.5037819215279538,-0.21799689304982747,0.7211068717450886,0.6804821976937194,0.6499868189784265,-0.6714793031629305,-0.47401193611288434,-0.6081436035873432,152.11700000000002
52,-0.2917549385097996,-0.20384616832932517,-0.48312501287289084,-0.21799689304982747,0.7211068717450886,0.6804821976937194,0.6499868189784265,-0.6714793031629305,-0.47401193611288434,-0.6081436035873432,152.477
53,-0.27008123417240876,-0.17284365112643188,-0.5554241931656112,-0.21799689304982747,0.7211068717450886,0.6804821976937194,0.6499868189784265,-0.6714793031629305,-0.47401193611288434,-0.6081436035873432,155.001
54,-0.26623692171249486,-0.1609784902216209,-0.5554241931656112,-0.21799689304982747,0.7211068717450886,0.6804821976937194,0.6499868189784265,-0.6714793031629305,-0.47401193611288434,-0.6081436035873432,155.361
55,-0.26153103755127993,-0.13648267416007548,-0.5864095561482057,-0.21799689304982747,0.7211068717450886,0.6804821976937194,0.6499868189784265,-0.6714793031629305,-0.47401193611288434,-0.6081436035873432,156.082
56,-0.25690244171014315,-0.11007312246872183,-0.5967380104757372,-0.21799689304982747,0.7211068717450886,0.6804821976937194,0.6499868189784265,-0.6714793031629305,-0.47401193611288434,-0.6081436035873432,156.44299999999998
57,-0.24566793163449455,-0.0637607202273626,-0.5864095561482057,-0.21799689304982747,0.7211068717450886,0.6804821976937194,0.6499868189784265,-0.6714793031629305,-0.47401193611288434,-0.6081436035873432,157.524
58,-0.2348973353531937,0.0028372796899638277,-0.6380518277858631,-0.21799689304982747,0.7211068717450886,0.6804821976937194,0.6499868189784265,-0.6714793031629305,-0.47401193611288434,-0.6081436035873432,159.507
59,-0.23069961729964664,0.028481337129394203,-0.6690371907684576,-0.21799689304982747,0.7211068717450886,0.6804821976937194,0.6499868189784265,-0.6714793031629305,-0.47401193611288434,-0.6081436035873432,159.86700000000002
60,-0.22347502875675204,0.06560780834767387,-0.6690371907684576,-0.21799689304982747,0.7211068717450886,0.6804821976937194,0.6499868189784265,-0.6714793031629305,-0.47401193611288434,-0.6081436035873432,160.588
61,-0.22111102359781457,0.08283142901594792,-0.6483802821133946,-0.21799689304982747,0.7211068717450886,0.6804821976937194,0.6499868189784265,-0.6714793031629305,-0.47401193611288434,-0.6081436035873432,160.94799999999998
62,-0.2027734656126697,0.22253412999194894,-0.6896940994235206,-0.21799689304982747,0.7211068717450886,0.6804821976937194,0.6499868189784265,-0.6714793031629305,-0.47401193611288434,-0.6081436035873432,163.65200000000002
63,-0.20007805843417367,0.2562158770765738,-0.6793656450959891,-0.21799689304982747,0.7211068717450886,0.6804821976937194,0.6499868189784265,-0.6714793031629305,-0.47401193611288434,-0.6081436035873432,164.19299999999998
64,-0.19562622668114615,0.3021455321919713,-0.700022553751052,-0.21799689304982747,0.7211068717450886,0.6804821976937194,0.6499868189784265,-0.6714793031629305,-0.47401193611288434,-0.6081436035873432,164.733
65,-0.18969408762714246,0.32549310687563177,-0.7310079167336465,-0.21799689304982747,0.7211068717450886,0.6804821976937194,0.6499868189784265,-0.6714793031629305,-0.47401193611288434,-0.6081436035873432,164.91400000000002
66,-0.18766148448776354,0.3427167275439058,-0.720679462406115,-0.21799689304982747,0.7211068717450886,0.6804821976937194,0.6499868189784265,-0.6714793031629305,-0.47401193611288434,-0.6081436035873432,165.09400000000002
67,-0.1846898987444198,0.3989805550602679,-0.7723217340437725,-0.21799689304982747,0.7211068717450886,0.6804821976937194,0.6499868189784265,-0.6714793031629305,-0.47401193611288434,-0.6081436035873432,165.454
68,-0.1638336976688881,0.5972435663084007,-0.7310079167336465,-0.21799689304982747,0.7211068717450886,0.6804821976937194,0.6499868189784265,-0.6714793031629305,-0.47401193611288434,-0.6081436035873432,167.797
69,-0.15761434761735307,0.6255668536295627,-0.741336371061178,-0.21799689304982747,0.7211068717450886,0.6804821976937194,0.6499868189784265,-0.6714793031629305,-0.47401193611288434,-0.6081436035873432,168.158
70,-0.15277589039005612,0.6450869570536065,-0.7516648253887095,-0.21799689304982747,0.7211068717450886,0.6804821976937194,0.6499868189784265,-0.6714793031629305,-0.47401193611288434,-0.6081436035873432,167.437
71,-0.14991481284742716,0.6726447501228451,-0.7310079167336465,-0.21799689304982747,0.7211068717450886,0.6804821976937194,0.6499868189784265,-0.6714793031629305,-0.47401193611288434,-0.6081436035873432,167.437
72,-0.14758390498654048,0.7178089109863193,-0.7310079167336465,-0.21799689304982747,0.7211068717450886,0.6804821976937194,0.6499868189784265,-0.6714793031629305,-0.47401193611288434,-0.6081436035873432,167.97799999999998
73,-0.14109947009413423,0.7717762557469116,-0.8342924600089614,-0.21799689304982747,0.7211068717450886,0.6804821976937194,0.6499868189784265,-0.6714793031629305,-0.47401193611288434,-0.6081436035873432,169.78
74,-0.13557614396235262,0.8349295315305832,-0.8136355513538984,-0.21799689304982747,0.7211068717450886,0.6804821976937194,0.6499868189784265,-0.6714793031629305,-0.47401193611288434,-0.6081436035873432,170.861
75,-0.1082354467031219,1.3749857262624663,-0.9582339119393393,-0.6707630463989612,0.7211068717450886,0.6804821976937194,0.6499868189784265,-0.6714793031629305,-0.47401193611288434,-0.6081436035873432,174.646
76,-0.10525282852709447,1.3749857262624663,-0.9582339119393393,-0.6707630463989612,0.7211068717450886,0.6804821976937194,0.6499868189784265,-0.6714793031629305,-0.47401193611288434,-0.6081436035873432,174.646
77,-0.10327544884242662,1.3799614388999675,-0.9685623662668708,-0.6707630463989612,0.7211068717450886,0.6804821976937194,0.6499868189784265,-0.6714793031629305,-0.47401193611288434,-0.6081436035873432,174.646
78,-0.09693461944878606,1.423977358385557,-0.9479054576118078,-0.6707630463989612,0.7211068717450886,0.6804821976937194,0.6499868189784265,-0.6714793031629305,-0.47401193611288434,-0.6081436035873432,174.646
79,-0.09209616222148913,1.4649313008634532,-0.9065916403016818,-1.0343479877247805,0.7211068717450886,0.6804821976937194,0.6499868189784265,-0.6714793031629305,-0.47401193611288434,-0.6081436035873432,175.36700000000002
80,-0.0899751770380556,1.4775619560201876,-0.9065916403016818,-1.0343479877247805,0.7211068717450886,0.6804821976937194,0.6499868189784265,-0.6714793031629305,-0.47401193611288434,-0.6081436035873432,175.36700000000002
81,-0.08896993854669605,1.480241185901919,-0.9169200946292133,-1.0343479877247805,0.7211068717450886,0.6804821976937194,0.6499868189784265,-0.6714793031629305,-0.47401193611288434,-0.6081436035873432,175.36700000000002
82,-0.08534658119691889,1.4829204157836506,-0.9272485489567448,-1.0343479877247805,0.7211068717450886,0.6804821976937194,0.6499868189784265,-0.6714793031629305,-0.47401193611288434,-0.6081436035873432,175.36700000000002
83,-0.08249653608697348,1.4963165651923083,-0.9479054576118078,-1.0343479877247805,0.7211068717450886,0.6804821976937194,0.6499868189784265,-0.6714793031629305,-0.47401193611288434,-0.6081436035873432,175.908
84,-0.0791825158913873,1.508181726097119,-0.9479054576118078,-1.0343479877247805,0.7211068717450886,0.6804821976937194,0.6499868189784265,-0.6714793031629305,-0.47401193611288434,-0.6081436035873432,175.908
85,-0.07584643083043421,1.5273190823952014,-0.9375770032842763,-1.0343479877247805,0.7211068717450886,0.6804821976937194,0.6499868189784265,-0.6714793031629305,-0.47401193611288434,-0.6081436035873432,175.908
86,-0.07260969895492625,1.539949737551936,-0.9375770032842763,-1.0343479877247805,0.7211068717450886,0.6804821976937194,0.6499868189784265,-0.6714793031629305,-0.47401193611288434,-0.6081436035873432,175.908
87,-0.07108526192321526,1.55487687546444,-0.9375770032842763,-1.0343479877247805,0.7211068717450886,0.6804821976937194,0.6499868189784265,-0.6714793031629305,-0.47401193611288434,-0.6081436035873432,175.908
88,-0.06961604834621538,1.5579388524721334,-0.9375770032842763,-1.0343479877247805,0.7211068717450886,0.6804821976937194,0.6499868189784265,-0.6714793031629305,-0.47401193611288434,-0.6081436035873432,175.908
89,-0.06641247506005137,1.5709522547548291,-0.9272485489567448,-1.0343479877247805,0.7211068717450886,0.6804821976937194,0.6499868189784265,-0.6714793031629305,-0.47401193611288434,-0.6081436035873432,175.908
90,-0.06218159841716045,1.5828174156596402,-0.9169200946292133,-1.0343479877247805,0.7211068717450886,0.6804821976937194,0.6499868189784265,-0.6714793031629305,-0.47401193611288434,-0.6081436035873432,176.268
91,-0.058602432089410704,1.5946825765644514,-0.9375770032842763,-1.0343479877247805,0.7211068717450886,0.6804821976937194,0.6499868189784265,-0.6714793031629305,-0.47401193611288434,-0.6081436035873432,176.268
92,-0.050162743668996444,1.6057822432173392,-0.9169200946292133,-1.0343479877247805,0.7211068717450886,0.6804821976937194,0.6499868189784265,-0.6714793031629305,-0.47401193611288434,-0.6081436035873432,176.449
93,-0.04817433155164491,1.6134371857365721,-0.9169200946292133,-1.0343479877247805,0.7211068717450886,0.6804821976937194,0.6499868189784265,-0.6714793031629305,-0.47401193611288434,-0.6081436035873432,176.449
94,-0.04645106556645717,1.6164991627442653,-0.8962631859741503,-1.0343479877247805,0.7211068717450886,0.6804821976937194,0.6499868189784265,-0.6714793031629305,-0.47401193611288434,-0.6081436035873432,176.449
95,-0.0413584946396799,1.6241541052634982,-0.8962631859741503,-1.0343479877247805,0.7211068717450886,0.6804821976937194,0.6499868189784265,-0.6714793031629305,-0.47401193611288434,-0.6081436035873432,176.268
96,-0.03635430575695723,1.6333400362865775,-0.9169200946292133,-1.0343479877247805,0.7211068717450886,0.6804821976937194,0.6499868189784265,-0.6714793031629305,-0.47401193611288434,-0.6081436035873432,176.268
97,-0.03189144157124626,1.644822450065427,-0.9065916403016818,-1.0343479877247805,0.7211068717450886,0.6804821976937194,0.6499868189784265,-0.6714793031629305,-0.47401193611288434,-0.6081436035873432,176.62900000000002
98,-0.021043556969867094,1.6540083810885062,-0.9272485489567448,-1.0343479877247805,0.7211068717450886,0.6804821976937194,0.6499868189784265,-0.6714793031629305,-0.47401193611288434,-0.6081436035873432,176.62900000000002
99,-0.01706673273516403,1.6605150822298542,-0.9272485489567448,-1.0343479877247805,0.7211068717450886,0.6804821976937194,0.6499868189784265,-0.6714793031629305,-0.47401193611288434,-0.6081436035873432,176.62900000000002
100,-0.014117211857187655,1.660897829355816,-0.9375770032842763,-1.0343479877247805,0.7211068717450886,0.6804821976937194,0.6499868189784265,-0.6714793031629305,-0.47401193611288434,-0.6081436035873432,176.80900000000003
101,-0.00735665969122643,1.662811564985624,-0.9375770032842763,-1.0343479877247805,0.7211068717450886,0.6804821976937194,0.6499868189784265,-0.6714793031629305,-0.47401193611288434,-0.6081436035873432,176.989
102,-0.00024251805775367662,1.6704665075048573,-0.9582339119393393,-1.0343479877247805,0.7211068717450886,0.6804821976937194,0.6499868189784265,-0.6714793031629305,-0.47401193611288434,-0.6081436035873432,176.989
103,0.00820820279534426,1.6796524385279366,-0.9582339119393393,-1.0343479877247805,0.7211068717450886,0.6804821976937194,0.6499868189784265,-0.6714793031629305,-0.47401193611288434,-0.6081436035873432,176.989
104,0.016471188418941806,1.697641553448134,-0.9479054576118078,-1.0343479877247805,0.7211068717450886,0.6804821976937194,0.6499868189784265,-0.6714793031629305,-0.47401193611288434,-0.6081436035873432,177.35
105,0.030975527668148935,1.704148254589482,-0.9479054576118078,-1.5782553797351027,0.7211068717450886,0.6804821976937194,0.6499868189784265,-0.6714793031629305,-0.47401193611288434,-0.6081436035873432,177.53
106,0.03478668153871918,1.7052964959673669,-0.9479054576118078,-1.5782553797351027,0.7211068717450886,0.6804821976937194,0.6499868189784265,-0.6714793031629305,-0.47401193611288434,-0.6081436035873432,177.35
107,0.042430992853934334,1.713716932738523,-0.9375770032842763,-1.5782553797351027,0.7211068717450886,0.6804821976937194,0.6499868189784265,-0.6714793031629305,-0.47401193611288434,-0.6081436035873432,177.35
108,0.06037089293212597,1.720223633879871,-0.8652778229915559,-1.5782553797351027,0.7211068717450886,0.6804821976937194,0.6499868189784265,-0.6714793031629305,-0.47401193611288434,-0.6081436035873432,177.53
109,0.06852343164630156,1.7305578062808356,-0.8342924600089614,-1.5782553797351027,0.7211068717450886,0.6804821976937194,0.6499868189784265,-0.6714793031629305,-0.47401193611288434,-0.6081436035873432,177.71
110,0.07034611210822758,1.7428057143116085,-0.8342924600089614,-1.5782553797351027,0.7211068717450886,0.6804821976937194,0.6499868189784265,-0.6714793031629305,-0.47401193611288434,-0.6081436035873432,177.71
111,0.08990992498616117,1.7508434039568028,-0.8549493686640244,-1.5782553797351027,0.7211068717450886,0.6804821976937194,0.6499868189784265,-0.6714793031629305,-0.47401193611288434,-0.6081436035873432,178.611
112,0.0985374099273683,1.7596465878539207,-0.8549493686640244,-1.5782553797351027,0.7211068717450886,0.6804821976937194,0.6499868189784265,-0.6714793031629305,-0.47401193611288434,-0.6081436035873432,178.972
113,0.10786085749703649,1.7741909786404633,-0.8239640056814299,-1.5782553797351027,0.7211068717450886,0.6804821976937194,0.6499868189784265,-0.6714793031629305,-0.47401193611288434,-0.6081436035873432,179.332
114,0.12940198876834522,1.7879698751750823,-0.782650188371304,-1.5782553797351027,0.7211068717450886,0.6804821976937194,0.6499868189784265,-0.6714793031629305,-0.47401193611288434,-0.6081436035873432,179.873
115,0.13785277091273587,1.8021315188356635,-0.782650188371304,-1.5782553797351027,0.7211068717450886,0.6804821976937194,0.6499868189784265,-0.6714793031629305,-0.47401193611288434,-0.6081436035873432,180.59400000000002
116,0.1437627225187871,1.8105519556068197,-0.782650188371304,-1.5782553797351027,0.7211068717450886,0.6804821976937194,0.6499868189784265,-0.6714793031629305,-0.47401193611288434,-0.6081436035873432,180.774
117,0.1487448465361422,1.8128484383625896,-0.6896940994235206,-1.5782553797351027,0.7211068717450886,0.6804821976937194,0.6499868189784265,-0.6714793031629305,-0.47401193611288434,-0.6081436035873432,180.774
118,0.1560909144211423,1.8162931624962446,-0.700022553751052,-1.5782553797351027,0.7211068717450886,0.6804821976937194,0.6499868189784265,-0.6714793031629305,-0.47401193611288434,-0.6081436035873432,181.315
119,0.1730918318953694,1.8392579900539432,-0.720679462406115,-1.5782553797351027,0.7211068717450886,0.6804821976937194,0.6499868189784265,-0.6714793031629305,-0.47401193611288434,-0.6081436035873432,182.03599999999997
120,0.18064782245782243,1.8538023808404862,-0.720679462406115,-1.5782553797351027,0.7211068717450886,0.6804821976937194,0.6499868189784265,-0.6714793031629305,-0.47401193611288434,-0.6081436035873432,182.396
121,0.18808227238687714,1.8668157831231817,-0.720679462406115,-1.5782553797351027,0.7211068717450886,0.6804821976937194,0.6499868189784265,-0.6714793031629305,-0.47401193611288434,-0.6081436035873432,182.576
122,0.19363875710800224,1.8767672083981848,-0.720679462406115,-1.5782553797351027,0.7211068717450886,0.6804821976937194,0.6499868189784265,-0.6714793031629305,-0.47401193611288434,-0.6081436035873432,182.757
123,0.19773712197610363,1.8786809440279928,-0.782650188371304,-1.5782553797351027,0.7211068717450886,0.6804821976937194,0.6499868189784265,-0.6714793031629305,-0.47401193611288434,-0.6081436035873432,182.757
124,-0.5967241687277391,-0.8445648571891213,1.6342081242710644,2.2320364042939675,-1.497237561972147,-1.5210833442855332,-1.4953171816951543,0.5371639985880938,1.408015881221527,1.644559938281068,34.354
125,-0.5921669772425828,-0.843799362937198,1.644536578598596,2.2320364042939675,-1.497237561972147,-1.5210833442855332,-1.4953171816951543,0.5371639985880938,1.408015881221527,1.644559938281068,34.629
126,-0.5887486392668435,-0.8422683744333513,1.541252035323281,1.8694314762870854,-1.497237561972147,-1.5210833442855332,-1.4953171816951543,0.5371639985880938,1.408015881221527,1.644559938281068,34.781
127,-0.5858407964678943,-0.8395891445516198,1.5722373983058755,1.8694314762870854,-1.497237561972147,-1.5210833442855332,-1.4953171816951543,0.5371639985880938,1.408015881221527,1.644559938281068,34.964
128,-0.5825776480452386,-0.8369099146698884,1.4896097636856236,1.8694314762870854,-1.497237561972147,-1.5210833442855332,-1.4953171816951543,0.5371639985880938,1.408015881221527,1.644559938281068,35.178000000000004
129,-0.5787198515009335,-0.8346134319141185,1.3863252204103087,1.8694314762870854,-1.497237561972147,-1.5210833442855332,-1.4953171816951543,0.5371639985880938,1.408015881221527,1.644559938281068,35.330999999999996
130,-0.5746919103281294,-0.8330824434102719,1.3450114031001827,1.8694314762870854,-1.497237561972147,-1.5210833442855332,-1.4953171816951543,0.5371639985880938,1.408015881221527,1.644559938281068,35.514
131,-0.571550302538872,-0.8311687077804637,1.055814681929301,1.8694314762870854,-1.497237561972147,-1.5210833442855332,-1.4953171816951543,0.5371639985880938,1.408015881221527,1.644559938281068,35.727
132,-0.5684031172419799,-0.8296377192766171,1.0041724102916436,1.8694314762870854,-1.497237561972147,-1.5210833442855332,-1.4953171816951543,0.5371639985880938,1.408015881221527,1.644559938281068,35.819
133,-0.5655438784381315,-0.8265757422689238,1.1694276795321474,1.8694314762870854,-1.497237561972147,-1.5210833442855332,-1.4953171816951543,0.5371639985880938,1.408015881221527,1.644559938281068,36.063
134,-0.5631502695848262,-0.823131018135269,0.993843955964112,1.8694314762870854,-1.497237561972147,-1.5210833442855332,-1.4953171816951543,0.5371639985880938,1.408015881221527,1.644559938281068,36.336999999999996
135,-0.5604425428565,-0.8196862940016143,0.8802309583612656,1.8694314762870854,-1.497237561972147,-1.5210833442855332,-1.4953171816951543,0.5371639985880938,1.408015881221527,1.644559938281068,36.49
136,-0.5573626553989783,-0.8166243169939211,0.8285886867236082,1.8694314762870854,-1.497237561972147,-1.5210833442855332,-1.4953171816951543,0.5371639985880938,1.408015881221527,1.644559938281068,36.764
137,-0.55441742491149,-0.8139450871121896,0.8389171410511397,1.8694314762870854,-1.497237561972147,-1.5210833442855332,-1.4953171816951543,0.5371639985880938,1.408015881221527,1.644559938281068,36.856
138,-0.5516685104344783,-0.8120313514823814,0.8699025040337341,1.8694314762870854,-1.497237561972147,-1.5210833442855332,-1.4953171816951543,0.5371639985880938,1.408015881221527,1.644559938281068,36.948
139,-0.5491365671335783,-0.8108831101044963,0.8079317780685452,1.8694314762870854,-1.497237561972147,-1.5210833442855332,-1.4953171816951543,0.5371639985880938,1.408015881221527,1.644559938281068,37.07
140,-0.5468776152503063,-0.8085866273487265,0.8492455953786712,1.8694314762870854,-1.497237561972147,-1.5210833442855332,-1.4953171816951543,0.5371639985880938,1.408015881221527,1.644559938281068,37.161
141,-0.5448898160458816,-0.8055246503410334,0.8492455953786712,1.3255240842767633,-1.497237561972147,-1.5210833442855332,-1.4953171816951543,0.5371639985880938,1.408015881221527,1.644559938281068,37.314
142,-0.5426102702882668,-0.8032281675852635,0.8802309583612656,1.3255240842767633,-1.497237561972147,-1.5210833442855332,-1.4953171816951543,0.5371639985880938,1.408015881221527,1.644559938281068,37.375
143,-0.5403419408372137,-0.8013144319554552,0.9422016843264546,1.3255240842767633,-1.497237561972147,-1.5210833442855332,-1.4953171816951543,0.5371639985880938,1.408015881221527,1.644559938281068,37.466
144,-0.5373948716109448,-0.8001661905775703,0.9318732299989231,1.3255240842767633,-1.497237561972147,-1.5210833442855332,-1.4953171816951543,0.5371639985880938,1.408015881221527,1.644559938281068,37.527
145,-0.5342701189271762,-0.799400696325647,0.8905594126887971,1.3255240842767633,-1.497237561972147,-1.5210833442855332,-1.4953171816951543,0.5371639985880938,1.408015881221527,1.644559938281068,37.649
146,-0.5317886183601577,-0.7986352020737238,0.8699025040337341,1.3255240842767633,-1.497237561972147,-1.5210833442855332,-1.4953171816951543,0.5371639985880938,1.408015881221527,1.644559938281068,37.771
147,-0.5297017111354582,-0.7974869606958388,0.8699025040337341,1.3255240842767633,-1.497237561972147,-1.5210833442855332,-1.4953171816951543,0.5371639985880938,1.408015881221527,1.644559938281068,37.924
148,-0.5271136250104569,-0.7967214664439155,0.8699025040337341,1.3255240842767633,-1.497237561972147,-1.5210833442855332,-1.4953171816951543,0.5371639985880938,1.408015881221527,1.644559938281068,37.954
149,-0.524742448770275,-0.7963387193179539,0.8905594126887971,1.3255240842767633,-1.497237561972147,-1.5210833442855332,-1.4953171816951543,0.5371639985880938,1.408015881221527,1.644559938281068,38.015
150,-0.5221992891628134,-0.7955732250660306,0.8389171410511397,1.3255240842767633,-1.497237561972147,-1.5210833442855332,-1.4953171816951543,0.5371639985880938,1.408015881221527,1.644559938281068,38.076
151,-0.5198150578772892,-0.795190477940069,0.9422016843264546,1.3255240842767633,-1.497237561972147,-1.5210833442855332,-1.4953171816951543,0.5371639985880938,1.408015881221527,1.644559938281068,38.107
152,-0.5175728998082135,-0.7948077308141073,1.0868000449118955,1.3255240842767633,-1.497237561972147,-1.5210833442855332,-1.4953171816951543,0.5371639985880938,1.408015881221527,1.644559938281068,38.168
153,-0.5151381644975153,-0.7944249836881456,1.035157773274238,1.3255240842767633,-1.497237561972147,-1.5210833442855332,-1.4953171816951543,0.5371639985880938,1.408015881221527,1.644559938281068,38.29
154,-0.5133785527757642,-0.7936594894362223,1.035157773274238,1.3255240842767633,-1.497237561972147,-1.5210833442855332,-1.4953171816951543,0.5371639985880938,1.408015881221527,1.644559938281068,38.443000000000005
155,-0.51125983537016,-0.7921285009323757,1.0248293189467066,1.3255240842767633,-1.497237561972147,-1.5210833442855332,-1.4953171816951543,0.5371639985880938,1.408015881221527,1.644559938281068,38.565
156,-0.5084884882800247,-0.7913630066804525,1.035157773274238,1.3255240842767633,-1.497237561972147,-1.5210833442855332,-1.4953171816951543,0.5371639985880938,1.408015881221527,1.644559938281068,38.809
157,-0.5062856179295613,-0.7894492710506442,1.0041724102916436,1.3255240842767633,-1.497237561972147,-1.5210833442855332,-1.4953171816951543,0.5371639985880938,1.408015881221527,1.644559938281068,38.992
158,-0.5038658376942786,-0.7886837767987209,0.993843955964112,1.3255240842767633,-1.497237561972147,-1.5210833442855332,-1.4953171816951543,0.5371639985880938,1.408015881221527,1.644559938281068,39.144
159,-0.5008028053422459,-0.7883010296727593,1.076471590584364,1.3255240842767633,-1.497237561972147,-1.5210833442855332,-1.4953171816951543,0.5371639985880938,1.408015881221527,1.644559938281068,39.236
160,-0.4982801783178344,-0.787535535420836,1.0661431362568325,1.3255240842767633,-1.497237561972147,-1.5210833442855332,-1.4953171816951543,0.5371639985880938,1.408015881221527,1.644559938281068,39.297
161,-0.4962793240680674,-0.7863872940429512,1.159099225204616,0.9619391429509433,-1.497237561972147,-1.5210833442855332,-1.4953171816951543,0.5371639985880938,1.408015881221527,1.644559938281068,39.51
162,-0.4938483275262231,-0.7852390526650661,1.2313984054973364,0.23574927361824288,-1.497237561972147,-1.5210833442855332,-1.4953171816951543,0.5371639985880938,1.408015881221527,1.644559938281068,39.663000000000004
163,-0.4917183938140572,-0.7837080641612195,1.4586244007030291,0.23574927361824288,-1.497237561972147,-1.5210833442855332,-1.4953171816951543,0.5371639985880938,1.408015881221527,1.644559938281068,39.785
164,-0.48931546868426345,-0.7821770756573729,1.3553398574277142,0.23574927361824288,-1.497237561972147,-1.5210833442855332,-1.4953171816951543,0.5371639985880938,1.408015881221527,1.644559938281068,39.907
165,-0.48584846542213056,-0.7814115814054496,1.3656683117552457,0.23574927361824288,-1.497237561972147,-1.5210833442855332,-1.4953171816951543,0.5371639985880938,1.408015881221527,1.644559938281068,40.06
166,-0.48302477556804063,-0.781028834279488,1.3656683117552457,0.23574927361824288,-1.497237561972147,-1.5210833442855332,-1.4953171816951543,0.5371639985880938,1.408015881221527,1.644559938281068,40.304
167,-0.47977284345194665,-0.7794978457756415,1.3346829487726513,0.23574927361824288,-1.497237561972147,-1.5210833442855332,-1.4953171816951543,0.5371639985880938,1.408015881221527,1.644559938281068,40.548
168,-0.47731009802049046,-0.7764358687679482,1.5102666723406866,-0.12685565438863833,-1.497237561972147,-1.5210833442855332,-1.4953171816951543,0.5371639985880938,1.408015881221527,1.644559938281068,40.67
169,-0.4740058231404416,-0.77452213313814,1.4689528550305606,-0.12685565438863833,-1.497237561972147,-1.5210833442855332,-1.4953171816951543,0.5371639985880938,1.408015881221527,1.644559938281068,41.036
170,-0.47047336077771923,-0.7722256503823701,1.541252035323281,-0.12685565438863833,-1.497237561972147,-1.5210833442855332,-1.4953171816951543,0.5371639985880938,1.408015881221527,1.644559938281068,41.28
171,-0.46645663591147685,-0.7699291676266004,1.6548650329261274,-0.12685565438863833,-1.497237561972147,-1.5210833442855332,-1.4953171816951543,0.5371639985880938,1.408015881221527,1.644559938281068,41.585
172,-0.461686273310355,-0.7680154319967921,1.8820910281318202,-0.12685565438863833,-1.497237561972147,-1.5210833442855332,-1.4953171816951543,0.5371639985880938,1.408015881221527,1.644559938281068,41.646
173,-0.4573272978657485,-0.7672499377448688,1.7994633935115683,-0.12685565438863833,-1.497237561972147,-1.5210833442855332,-1.4953171816951543,0.5371639985880938,1.408015881221527,1.644559938281068,41.799
174,-0.45322268128579285,-0.7664844434929455,1.8820910281318202,0.41803175094062117,-1.497237561972147,-1.5210833442855332,-1.4953171816951543,0.5371639985880938,1.408015881221527,1.644559938281068,42.043
175,-0.4493368133294372,-0.7634224664852522,2.026689388717261,0.41803175094062117,-1.497237561972147,-1.5210833442855332,-1.4953171816951543,0.5371639985880938,1.408015881221527,1.644559938281068,42.287
176,-0.42480252177975875,-0.7550020297140961,2.470812924801115,0.6894954402863139,-1.497237561972147,-1.5210833442855332,-1.4953171816951543,0.5371639985880938,1.408015881221527,1.644559938281068,43.507
177,-0.41977222280635157,-0.7542365354621728,2.5431121050938352,0.6894954402863139,-1.497237561972147,-1.5210833442855332,-1.4953171816951543,0.5371639985880938,1.408015881221527,1.644559938281068,43.812
178,2.574660462799374,-0.6960589723160024,1.665193487253659,0.5542536022729362,0.30640197325573304,0.5420049088606933,0.6998776096917663,2.3626922319056596,-1.4159104950781811,-0.6430215272774734,1105.502
179,2.5857998487887723,-0.6907005125525395,1.6342081242710644,0.5542536022729362,0.30640197325573304,0.5420049088606933,0.6998776096917663,2.3626922319056596,-1.4159104950781811,-0.6430215272774734,1108.141
180,2.5857998487887723,-0.6899350183006162,1.5515804896508125,0.5542536022729362,0.30640197325573304,0.5420049088606933,0.6998776096917663,2.3626922319056596,-1.4159104950781811,-0.6430215272774734,1111.5839999999998
181,2.5857998487887723,-0.6895522711746546,1.5309235809957495,0.5542536022729362,0.30640197325573304,0.5420049088606933,0.6998776096917663,2.3626922319056596,-1.4159104950781811,-0.6430215272774734,1114.796
182,2.629717511650714,-0.6715631562544572,1.541252035323281,0.5542536022729362,0.30640197325573304,0.5420049088606933,0.6998776096917663,2.3626922319056596,-1.4159104950781811,-0.6430215272774734,1122.713
183,2.6392535174234206,-0.6646737079871474,1.4689528550305606,0.5542536022729362,0.30640197325573304,0.5420049088606933,0.6998776096917663,2.3626922319056596,-1.4159104950781811,-0.6430215272774734,1124.32
184,2.6480651826991526,-0.6574015125938762,1.3863252204103087,0.5542536022729362,0.30640197325573304,0.5420049088606933,0.6998776096917663,2.3626922319056596,-1.4159104950781811,-0.6430215272774734,1126.155
185,2.6480651826991526,-0.6558705240900297,1.2830406771349938,0.5542536022729362,0.30640197325573304,0.5420049088606933,0.6998776096917663,2.3626922319056596,-1.4159104950781811,-0.6430215272774734,1128.45
186,2.6480651826991526,-0.655487776964068,1.2520553141523993,0.5542536022729362,0.30640197325573304,0.5420049088606933,0.6998776096917663,2.3626922319056596,-1.4159104950781811,-0.6430215272774734,1130.515
187,2.6730655332384226,-0.6459190988150268,1.2107414968422734,0.5542536022729362,0.30640197325573304,0.5420049088606933,0.6998776096917663,2.3626922319056596,-1.4159104950781811,-0.6430215272774734,1133.728
188,2.681877198514154,-0.641326133303487,1.1281138622220215,0.5542536022729362,0.30640197325573304,0.5420049088606933,0.6998776096917663,2.3626922319056596,-1.4159104950781811,-0.6430215272774734,1136.252
189,2.6904497664571143,-0.6359676735400239,1.138442316549553,0.5542536022729362,0.30640197325573304,0.5420049088606933,0.6998776096917663,2.3626922319056596,-1.4159104950781811,-0.6430215272774734,1137.4
190,2.6976299188128103,-0.6317574551544458,1.097128499239427,0.5542536022729362,0.30640197325573304,0.5420049088606933,0.6998776096917663,2.3626922319056596,-1.4159104950781811,-0.6430215272774734,1138.777
191,2.6976299188128103,-0.630609213776561,1.0041724102916436,0.5542536022729362,0.30640197325573304,0.5420049088606933,0.6998776096917663,2.3626922319056596,-1.4159104950781811,-0.6430215272774734,1139.924
192,2.6976299188128103,-0.6302264666505993,1.0248293189467066,0.5542536022729362,0.30640197325573304,0.5420049088606933,0.6998776096917663,2.3626922319056596,-1.4159104950781811,-0.6430215272774734,1141.1860000000001
193,2.7228060527795073,-0.6229542712573282,0.9215447756713916,0.5542536022729362,0.30640197325573304,0.5420049088606933,0.6998776096917663,2.3626922319056596,-1.4159104950781811,-0.6430215272774734,1143.825
194,2.7322506732348173,-0.6187440528717498,0.9525301386539861,0.5542536022729362,0.30640197325573304,0.5420049088606933,0.6998776096917663,2.3626922319056596,-1.4159104950781811,-0.6430215272774734,1145.087
195,2.7404716130316316,-0.6145338344861718,0.9835155016365805,0.5542536022729362,0.30640197325573304,0.5420049088606933,0.6998776096917663,2.3626922319056596,-1.4159104950781811,-0.6430215272774734,1146.693
196,2.747961163832812,-0.6107063632265554,0.8802309583612656,0.5542536022729362,0.30640197325573304,0.5420049088606933,0.6998776096917663,2.3626922319056596,-1.4159104950781811,-0.6430215272774734,1147.611
197,2.747961163832812,-0.6099408689746321,0.8182602323960767,0.5542536022729362,0.30640197325573304,0.5420049088606933,0.6998776096917663,2.3626922319056596,-1.4159104950781811,-0.6430215272774734,1148.415
198,2.747961163832812,-0.6095581218486704,0.8285886867236082,0.5542536022729362,0.30640197325573304,0.5420049088606933,0.6998776096917663,2.3626922319056596,-1.4159104950781811,-0.6430215272774734,1149.218
199,2.773910916495804,-0.5999894436996293,0.8802309583612656,0.5542536022729362,0.30640197325573304,0.5420049088606933,0.6998776096917663,2.3626922319056596,-1.4159104950781811,-0.6430215272774734,1151.3980000000001
200,2.7825116171421067,-0.5930999954323196,0.7562895064308878,0.5542536022729362,0.30640197325573304,0.5420049088606933,0.6998776096917663,2.3626922319056596,-1.4159104950781811,-0.6430215272774734,1152.316
